class,id,name
System,0,System
Generator,93,101_SASNK-GT21_15.75
Generator,94,102_SASNK-GT22_15.75
Generator,95,103_SASNK-GT23_15.75
Generator,96,104_SASNK-GT24_15.75
Generator,97,105_SASNK-GT25_15.8
Generator,98,106_SASNK-ST11_15.8
Generator,99,107_SASNK-ST12_15.8
Generator,100,108_UMN-ST01_11
Generator,101,109_UMN-ST02_11
Generator,102,110_UMN-ST03_11
Generator,103,111_UMN-ST04_11
Generator,104,112_UMN-ST05_11
Generator,105,113_UMN-ST06_11
Generator,106,114_UMN-ST07_15
Generator,107,115_UMN-ST08_15
Generator,108,201_SHPT-GT11_16.5
Generator,109,202_SHPT-GT12_16.5
Generator,110,203_SHPT-GT21_16.5
Generator,111,204_SHPT-GT22_16.5
Generator,112,205_SHPT-GT23_16.5
Generator,113,206_SHPT-ST10_16.5
Generator,114,207_SHPT-ST20_16.5
Generator,115,208_SHPT-GT52_20
Generator,116,209_SHPT-ST50_16.5
Generator,117,210_SHPT-GT51_20
Generator,118,211_SHPT-ST40_16.5
Generator,119,212_SHPT-GT41_20
Generator,120,213_SHPT-GT42_20
Generator,121,214_S3M1ST80_20
Generator,122,215_S3M1GT71_20
Generator,123,216_S3M1GT72_20
Generator,124,217_S3M2ST70_20
Generator,125,218_S3M2GT81_20
Generator,126,219_S3M2GT82_20
Generator,127,301_TAW-A1-GT01_11
Generator,128,302_TAW-A1-GT02_11
Generator,129,303_TAW-A1-GT03_11
Generator,130,304_TAW-A1-GT14_15
Generator,131,305_TAW-A1-GT15_15
Generator,132,306_TAW-A1-GT16_15
Generator,133,307_TAW-A1-GT17_15
Generator,134,308_TAW-A1-GT18_15
Generator,135,309_TAW-A1-GT19_15
Generator,136,310_TAW-A1-GT20_15
Generator,137,311_TAW-A1-ST21_19
Generator,138,312_TAW-A1-ST22_19
Generator,139,313_TAW-A1-ST23_19
Generator,140,321_TAW-A2-GT11_15.75
Generator,141,322_TAW-A2-GT12_15.75
Generator,142,323_TAW-A2-GT13_15.75
Generator,143,324_TAW-A2-ST14_10.5
Generator,144,325_TAW-A2-ST15_10.5
Generator,145,331_TAW-B1-ST11_15
Generator,146,332_TAW-B1-ST21_15
Generator,147,333_TAW-B1-ST31_15
Generator,148,334_TAW-B1-ST41_15
Generator,149,335_TAW-B1-ST51_15
Generator,150,336_TAW-B1-ST61_15
Generator,151,341_TAW-B2-GT81_15.75
Generator,152,342_TAW-B2-GT91_15.75
Generator,153,343_TAW-B2-ST71_15.75
Generator,154,351_TAW-B3-GT95_20
Generator,155,352_TAW-B3-GT96_20
Generator,156,353_TAW-B3-GT97_20
Generator,157,354_TAW-B3-ST98_16.5
Generator,158,810_FUJF1-GT01_15
Generator,159,811_FUJF1-GT02_15
Generator,160,812_FUJF1-ST1_15
Generator,161,813_FUJF1-GT03_15
Generator,162,814_FUJF1-GT04_15
Generator,163,815_FUJF1-ST2_15
Generator,164,816_F1EXT-GT44_15
Generator,165,410_AAPS-GT07_11.5
Generator,166,411_AAPS-GT08_11.5
Generator,167,412_AAPS-GT09_11.5
Generator,168,413_AAPS-GT10_11.5
Generator,169,414_AAPS-GT11_11
Generator,170,415_AAPS-GT12_11
Generator,171,416_AAPS-GT13_11.5
Generator,172,417_AAPS-GT14_11
Generator,173,418_AAPS-GT15_11
Generator,174,419_AAPS-GT16_11
Generator,175,818_FUJF2-GT11_21
Generator,176,819_FUJF2-GT12_21
Generator,177,820_FUJF2-ST18_21
Generator,178,821_FUJF2-GT21_21
Generator,179,822_FUJF2-ST28_15
Generator,180,823_FUJF2-GT31_21
Generator,181,824_FUJF2-GT32_21
Generator,182,825_FUJF2-ST38_21
Generator,183,901_ENEC-NUC1_27
Generator,184,902_ENEC-NUC2_27
Generator,185,903_ENEC-NUC3_27
Generator,186,904_ENEC-NUC4_27
Generator,187,2464_SWHSOL1_220
Generator,188,2465_SWHSOL1_220
Generator,189,701_SHAMS1_15
Generator,190,405_MZPS-GT01_11
Generator,191,406_MZPS-GT02_11
Generator,192,407_MZPS-GT03_10.5
Generator,193,408_MZPS-GT04_11
Generator,194,409_MZPS-GT05_11
Generator,195,116_UMN-GT01_10.5
Generator,196,117_UMN-GT02_10.5
Generator,197,420_ZAWRA-GT5_15
Generator,198,421_ZAWRA-GT6_15
Generator,199,422_ZAWRA-GT7_15
Generator,200,423_ZAWRA-GT8_15
Generator,201,401_MIRF-GT81_18
Generator,202,404_MIRF-GT82_18
Generator,203,503_MIRF-ST62_18
Generator,204,504_MIRF-GT44_18
Generator,205,505_MIRF-ST63_18
Generator,206,EGA Swap
Generator,207,EGA Tolling
Generator,208,EGA-TA_GT-11
Generator,209,EGA-TA_GT-12
Generator,210,EGA-TA_GT-21
Generator,211,EGA-TA_GT-22
Generator,212,EGA-TA_GT-31
Generator,213,EGA-TA_GT-32
Generator,214,EGA-TA_GT-41
Generator,215,EGA-TA_GT-51
Generator,216,EGA-TA_GT-52
Generator,217,EGA-TA_GT-61
Generator,218,EGA-TA_ST-10
Generator,219,EGA-TA_ST-20
Generator,220,EGA-TA_ST-40
Generator,221,EGA-TA_ST-50
Generator,222,GCCIA_Gen
Generator,223,Oman_Gen
Generator,224,PV Al Dafra A1
Generator,225,PV Al Dafra A2
Generator,226,PV Al Dafra B1
Generator,227,PV Al Dafra B2
Generator,228,PV ALL
Generator,229,PV RAK 1
Generator,230,PV RAK 2
Generator,231,PV Rumaithi 1
Generator,232,PV Rumaithi 2
Generator,233,PV Sweihan B1
Generator,234,PV Sweihan B2
Generator,235,830_F3M1ST1_20.0
Generator,236,831_F3M1GT1_20.0
Generator,237,832_F3M1GT2_20.0
Generator,238,833_F3M2ST1_20.0
Generator,239,834_F3M2GT1_20.0
Generator,240,835_F3M2GT2_20.0
Generator,241,836_F3M3ST1_20.0
Generator,242,837_F3M3GT1_20.0
Generator,243,838_F3M4ST1_20.0
Generator,244,839_F3M4GT1_20.0
Generator,245,840_F3M4GT2_20.0
Generator,246,Habshan
Generator,247,TRN_SimpleTradeBuy
Generator,248,TRN_SimpleTradeSell
Fuel,1,EMAL Gas
Fuel,2,LNG
Fuel,3,GCCIA_Gas
Fuel,4,Oman_Gas
Fuel,5,ADNOC Gas
Fuel,6,Dolphin Gas - Additional
Fuel,7,Dolphin Gas - After Swap
Fuel,8,Dolphin Gas - Excess
Fuel,9,Dolphin Gas - Swap
Fuel Contract,1,ADNOC Tier 1
Fuel Contract,2,ADNOC Tier 2
Fuel Contract,3,ADNOC Tier 2 Plus
Fuel Contract,4,ADNOC Tier 3
Reserve,1,EMAL Reserve
Reserve,2,Primary
Reserve,3,Secondary SpinningDown
Reserve,4,Secondary SpinningUp
Reserve,5,Spinning Total 
Reserve,6,Tertiary
Battery,1,BESS_108MW (peak_shaving)
Battery,2,BESS_108MW (R2 reserve)
Battery,3,BESS_108MW (reserve)
Battery,4,Tabreed_BESS (peak shaving)
Battery,5,Tabreed_BESS (R2 reserve)
Battery,6,Tabreed_BESS (reserve)
Heat Plant,1,UANE Boiler
Heat Plant,2,UANW Boiler 12
Heat Plant,3,UANW Boiler 34
Heat Plant,4,UANW Boiler 56
Heat Plant,5,UANW Boiler 78
Heat Plant,6,UANW Dummy Boiler 12
Heat Plant,7,UANW Dummy Boiler 34
Heat Plant,8,UANW Dummy Boiler 56
Heat Plant,9,UANW Dummy Boiler 78
Heat Plant,10,SASN Dummy Boiler 11
Heat Plant,11,SASN Dummy Boiler 12
Heat Plant,12,SASN GT21 WHRB
Heat Plant,13,SASN GT22 WHRB
Heat Plant,14,SASN GT23 WHRB
Heat Plant,15,SASN GT24 WHRB
Heat Plant,16,SASN GT25 WHRB
Heat Plant,17,TA1 Dummy Boiler 21
Heat Plant,18,TA1 Dummy Boiler 22
Heat Plant,19,TA1 Dummy Boiler 23
Heat Plant,20,TA1_GT01_WHRB
Heat Plant,21,TA1_GT02_WHRB
Heat Plant,22,TA1_GT03_WHRB
Heat Plant,23,TA1_GT14_WHRB
Heat Plant,24,TA1_GT15_WHRB
Heat Plant,25,TA1_GT16_WHRB
Heat Plant,26,TA1_GT17_WHRB
Heat Plant,27,TA1_GT18_WHRB
Heat Plant,28,TA1_GT19_WHRB
Heat Plant,29,TA1_GT20_WHRB
Heat Plant,30,TA2 Dummy Boiler 14
Heat Plant,31,TA2 Dummy Boiler 15
Heat Plant,32,TA2_GT11_WHRB
Heat Plant,33,TA2_GT12_WHRB
Heat Plant,34,TA2_GT13_WHRB
Heat Plant,35,TB1 Dummy Boiler 11
Heat Plant,36,TB1 Dummy Boiler 21
Heat Plant,37,TB1 Dummy Boiler 31
Heat Plant,38,TB1 Dummy Boiler 41
Heat Plant,39,TB1 Dummy Boiler 51
Heat Plant,40,TB1 Dummy Boiler 61
Heat Plant,41,TB1_Boiler_11
Heat Plant,42,TB1_Boiler_21
Heat Plant,43,TB1_Boiler_31
Heat Plant,44,TB1_Boiler_41
Heat Plant,45,TB1_Boiler_51
Heat Plant,46,TB1_Boiler_61
Heat Plant,47,TB2 Dummy Boiler 71
Heat Plant,48,TB2_GT81_WHRB
Heat Plant,49,TB2_GT91_WHRB
Heat Plant,50,TB3 Dummy Boiler 98
Heat Plant,51,TB3_GT95_WHRB
Heat Plant,52,TB3_GT96_WHRB
Heat Plant,53,TB3_GT97_WHRB
Heat Plant,54,F1 Dummy Boiler 1
Heat Plant,55,F1 Dummy Boiler 2
Heat Plant,56,F1_GT01_WHRB
Heat Plant,57,F1_GT02_WHRB
Heat Plant,58,F1_GT03_WHRB
Heat Plant,59,F1_GT04_WHRB
Heat Plant,60,F1_GT44_WHRB
Heat Plant,61,F2 Dummy Boiler 1
Heat Plant,62,F2 Dummy Boiler 2
Heat Plant,63,F2 Dummy Boiler 3
Heat Plant,64,F2_GT11_WHRB
Heat Plant,65,F2_GT12_WHRB
Heat Plant,66,F2_GT21_WHRB
Heat Plant,67,F2_GT31_WHRB
Heat Plant,68,F2_GT32_WHRB
Heat Plant,69,MRF Dummy Boiler 62
Heat Plant,70,MRF Dummy Boiler 63
Heat Plant,71,MRF_GT44_WHRB
Heat Plant,72,MRF_GT81_WHRB
Heat Plant,73,MRF_GT82_WHRB
Heat Plant,74,S1 Dummy Boiler 10
Heat Plant,75,S1 Dummy Boiler 20
Heat Plant,76,S1_GT11_WHRB
Heat Plant,77,S1_GT12_WHRB
Heat Plant,78,S1_GT21_WHRB
Heat Plant,79,S1_GT22_WHRB
Heat Plant,80,S1_GT23_WHRB
Heat Plant,81,S2 Dummy Boiler 40
Heat Plant,82,S2 Dummy Boiler 50
Heat Plant,83,S2_GT41_WHRB
Heat Plant,84,S2_GT42_WHRB
Heat Plant,85,S2_GT51_WHRB
Heat Plant,86,S2_GT52_WHRB
Heat Node,1,UANE GT1 HN
Heat Node,2,UANE GT2 HN
Heat Node,3,UANE Steam Bus
Heat Node,4,UANW HP1 Steam Bus
Heat Node,5,UANW HP2 Steam Bus
Heat Node,6,UANW HP3 Steam Bus
Heat Node,7,UANW HP4 Steam Bus
Heat Node,8,UANW LP1 Steam Bus
Heat Node,9,UANW LP2 Steam Bus
Heat Node,10,UANW LP3 Steam Bus
Heat Node,11,UANW LP4 Steam Bus
Heat Node,12,SASN GT21 HN
Heat Node,13,SASN GT22 HN
Heat Node,14,SASN GT23 HN
Heat Node,15,SASN GT24 HN
Heat Node,16,SASN GT25 HN
Heat Node,17,SASN HP Steam Bus
Heat Node,18,SASN LP Steam Bus
Heat Node,19,TA1 HP Steam Bus
Heat Node,20,TA1 LP Steam Bus
Heat Node,21,TA1_GT01_HN
Heat Node,22,TA1_GT02_HN
Heat Node,23,TA1_GT03_HN
Heat Node,24,TA1_GT14_HN
Heat Node,25,TA1_GT15_HN
Heat Node,26,TA1_GT16_HN
Heat Node,27,TA1_GT17_HN
Heat Node,28,TA1_GT18_HN
Heat Node,29,TA1_GT19_HN
Heat Node,30,TA1_GT20_HN
Heat Node,31,TA2_GT11_HN
Heat Node,32,TA2_GT12_HN
Heat Node,33,TA2_GT13_HN
Heat Node,34,TA2_HP_SteamBus
Heat Node,35,TA2_LP_SteamBus
Heat Node,36,TB1 HP Steam Bus 11
Heat Node,37,TB1 HP Steam Bus 21
Heat Node,38,TB1 HP Steam Bus 31
Heat Node,39,TB1 HP Steam Bus 41
Heat Node,40,TB1 HP Steam Bus 51
Heat Node,41,TB1 HP Steam Bus 61
Heat Node,42,TB1 LP Steam Bus BLK1
Heat Node,43,TB1 LP Steam Bus BLK2
Heat Node,44,TB1 LP Steam Bus BLK3
Heat Node,45,TB2_GT81_HN
Heat Node,46,TB2_GT91_HN
Heat Node,47,TB2_HP_SteamBus
Heat Node,48,TB2_LP_SteamBus
Heat Node,49,TB3_GT95_HN
Heat Node,50,TB3_GT96_HN
Heat Node,51,TB3_GT97_HN
Heat Node,52,TB3_HP_SteamBus
Heat Node,53,TB3_LP_SteamBus
Heat Node,54,F1 HP SteamBus
Heat Node,55,F1 LP SteamBus
Heat Node,56,F1_GT01_HN
Heat Node,57,F1_GT02_HN
Heat Node,58,F1_GT03_HN
Heat Node,59,F1_GT04_HN
Heat Node,60,F1_GT44_HN
Heat Node,61,F2 HP Steam Bus BLK1
Heat Node,62,F2 HP Steam Bus BLK2
Heat Node,63,F2 HP Steam Bus BLK3
Heat Node,64,F2 LP Steam Bus
Heat Node,65,F2_GT11_HN
Heat Node,66,F2_GT12_HN
Heat Node,67,F2_GT21_HN
Heat Node,68,F2_GT31_HN
Heat Node,69,F2_GT32_HN
Heat Node,70,MRF HP Steam Bus
Heat Node,71,MRF LP Steam Bus
Heat Node,72,MRF_GT44_HN
Heat Node,73,MRF_GT81_HN
Heat Node,74,MRF_GT82_HN
Heat Node,75,S1_GT11_HN
Heat Node,76,S1_GT12_HN
Heat Node,77,S1_GT21_HN
Heat Node,78,S1_GT22_HN
Heat Node,79,S1_GT23_HN
Heat Node,80,S1_HP_SteamBus
Heat Node,81,S1_LP_SteamBus
Heat Node,82,S2_GT41_HN
Heat Node,83,S2_GT42_HN
Heat Node,84,S2_GT51_HN
Heat Node,85,S2_GT52_HN
Heat Node,86,S2_HP_SteamBus
Heat Node,87,S2_LP_SteamBus
Water Plant,1,UED4-6 MSF
Water Plant,2,UWD1-2 MSF
Water Plant,3,UWD3-4 MSF
Water Plant,4,UWD5-6 MSF
Water Plant,5,UWD7-8 MSF
Water Plant,6,UWD11-15 MSF
Water Plant,7,UWD16-17 MSF
Water Plant,8,UWD9-10 MED
Water Plant,9,TA1 D01-4 MSF
Water Plant,10,TA1 D31-5 MED
Water Plant,11,TA1 D41-4 MED
Water Plant,12,TA1 D51-5 MED
Water Plant,13,TA2 D11-14 MSF
Water Plant,14,TB1 D12 MSF
Water Plant,15,TB1 D22 MSF
Water Plant,16,TB1 D32 MSF
Water Plant,17,TB1 D42 MSF
Water Plant,18,TB1 D52 MSF
Water Plant,19,TB1 D62 MSF
Water Plant,20,TB2 D72-92 MSF
Water Plant,21,TB3 D15-45 MSF
Water Plant,22,F1 D01-05 MSF
Water Plant,23,F1 RO1
Water Plant,24,F1 RO2
Water Plant,25,F2 DABC_1-4 MED
Water Plant,26,F2 RO
Water Plant,27,MRF RO1
Water Plant,28,MRF WD24-6 MSF
Water Plant,29,S1 D31-6 MSF
Water Plant,30,Fujairah RO4
Water Plant,31,Fujairah RO5
Water Plant,32,Fujairah RO6
Water Plant,33,Mirfa RO2
Water Plant,34,Mirfa RO3
Water Plant,35,Shuweihat RO1
Water Plant,36,Taweelah RO1
Water Plant,37,Taweelah RO2
Water Plant,38,Taweelah RO3
Water Plant,39,UAN RO1
Water Plant,40,UAN RO2
Water Plant,41,S2 DS61-6 MSF
Water Pipeline,1,F1 Water Out - AD Demand
Water Pipeline,2,F1 Water Out - FEWA Demand
Water Pipeline,3,F1 Water Out - SEWA Demand
Water Pipeline,4,F2 Water Out - AD Demand
Water Pipeline,5,F2 Water Out - FEWA Demand
Water Pipeline,6,F2 Water Out - SEWA Demand
Water Pipeline,7,FUJ RO4 Water Out - AD Demand
Water Pipeline,8,FUJ RO4 Water Out - FEWA Demand
Water Pipeline,9,FUJ RO4 Water Out - SEWA Demand
Water Pipeline,10,FUJ RO5 Water Out - AD Demand
Water Pipeline,11,FUJ RO5 Water Out - FEWA Demand
Water Pipeline,12,FUJ RO5 Water Out - SEWA Demand
Water Pipeline,13,FUJ RO6 Water Out - AD Demand
Water Pipeline,14,FUJ RO6 Water Out - FEWA Demand
Water Pipeline,15,FUJ RO6 Water Out - SEWA Demand
Water Pipeline,16,MRF RO2 Water Out - AD Demand
Water Pipeline,17,MRF RO3 Water Out - AD Demand
Water Pipeline,18,MRF Water Out - AD Demand
Water Pipeline,19,S1 RO1 Water Out - AD Demand
Water Pipeline,20,S1 Water Out - AD Demand
Water Pipeline,21,S2 Water Out - AD Demand
Water Pipeline,22,SASN Water Out - AD Demand
Water Pipeline,23,TA RO1 Water Out - AD Demand
Water Pipeline,24,TA RO2 Water Out - AD Demand
Water Pipeline,25,TA RO3 Water Out - AD Demand
Water Pipeline,26,TA1 Water Out - AD Demand
Water Pipeline,27,TA2 Water Out - AD Demand
Water Pipeline,28,TB Water Out - AD Demand
Water Pipeline,29,UAN RO1 Water Out - AD Demand
Water Pipeline,30,UAN RO2 Water Out - AD Demand
Water Pipeline,31,UAN Water Out - AD Demand
Water Node,1,AD Water Node
Water Node,2,F1 Water Out
Water Node,3,F2 Water Out
Water Node,4,FEWA Water Node
Water Node,5,FUJ RO4 Water Out
Water Node,6,FUJ RO5 Water Out
Water Node,7,FUJ RO6 Water Out
Water Node,8,MRF RO2 Water Out
Water Node,9,MRF RO3 Water Out
Water Node,10,MRF Water Out
Water Node,11,S1 RO1 Water Out
Water Node,12,S1 Water Out
Water Node,13,S2 Water Out
Water Node,14,SASN Water Out
Water Node,15,SEWA Water Node
Water Node,16,TA RO1 Water Out
Water Node,17,TA RO2 Water Out
Water Node,18,TA RO3 Water Out
Water Node,19,TA1 Water Out
Water Node,20,TA2 Water Out
Water Node,21,TB Water Out
Water Node,22,UAN RO1 Water Out
Water Node,23,UAN RO2 Water Out
Water Node,24,UAN Water Out
Water Storage,1,F1 Reservoir
Water Storage,2,F2 Reservoir
Water Storage,3,FUJ RO4 Reservoir
Water Storage,4,FUJ RO5 Reservoir
Water Storage,5,FUJ RO6 Reservoir
Water Storage,6,MRF Reservoir
Water Storage,7,MRF RO2 Reservoir
Water Storage,8,MRF RO3 Reservoir
Water Storage,9,S1 Reservoir
Water Storage,10,S1 RO1 Reservoir
Water Storage,11,S2 Reservoir
Water Storage,12,SASN Reservoir
Water Storage,13,TA RO1 Reservoir
Water Storage,14,TA RO2 Reservoir
Water Storage,15,TA RO3 Reservoir
Water Storage,16,TA1 Reservoir
Water Storage,17,TA2 Reservoir
Water Storage,18,TB Reservoir
Water Storage,19,UAN Reservoir
Water Storage,20,UAN RO1 Reservoir
Water Storage,21,UAN RO2 Reservoir
Water Demand,1,AD Water Demand
Water Demand,2,FEWA Water Demand
Water Demand,3,SEWA Water Demand
Region,1,DEWA_EQ
Region,2,EGA-TA
Region,3,GCCIA INTERC_EQ
Region,4,OMAN_EQ
Region,5,TRANSCO
Region,6,TRANSCO Losses
Zone,2,Abu Dhabi
Zone,3,Abu Dhabi Islands
Zone,4,ADNOC Off-shore
Zone,5,ADNOC On-shore
Zone,6,Al Ain Region
Zone,7,Eastern Region
Zone,8,FEWA
Zone,9,Northern Emirates
Zone,10,SEWA
Zone,11,Western Region
Node,1,1001_MKT1_132
Node,2,1002_MRKT_132
Node,3,1003_SOUQ_132
Node,4,1004_CPGR_132
Node,5,1005_FRDS_132
Node,6,1006_ZYD2_132
Node,7,1007_TCLB_132
Node,8,1008_PORT_132
Node,9,1009_EMBS_132
Node,10,101_SASNK-GT21_15.75
Node,11,1010_DANT_132
Node,12,1011_GLFA_132
Node,13,1012_MSHF-A_132
Node,14,1013_HTCO_132
Node,15,1014_FLAH_132
Node,16,1015_ALSM-A_132
Node,17,1016_KHPK_132
Node,18,1017_CLNS_132
Node,19,1018_JZRH_132
Node,20,1019_MDZD_132
Node,21,102_SASNK-GT22_15.75
Node,22,1020_KLDY_132
Node,23,1021_MRML_132
Node,24,1022_GRHD_132
Node,25,1023_CONH_132
Node,26,1024_BATN_132
Node,27,1025_BSTN_132
Node,28,1026_UNPS_132
Node,29,1027_RBAA_132
Node,30,1028_MKAA_132
Node,31,1029_AIRP_132
Node,32,103_SASNK-GT23_15.75
Node,33,1030_SLTC_132
Node,34,1031_MOS1_132
Node,35,1032_MKBB_132
Node,36,1033_JSRN_132
Node,37,1034_BHYA_132
Node,38,1035_YASI_132
Node,39,1036_RBBB_132
Node,40,1037_TMUH_132
Node,41,1038_SRUH_132
Node,42,1039_RMDV_132
Node,43,104_SASNK-GT24_15.75
Node,44,1044_SDBB_132
Node,45,1045_SDCC_132
Node,46,1046_SDDD_132
Node,47,1048_ADIP_132
Node,48,1049_CCAD_132
Node,49,105_SASNK-GT25_15.8
Node,50,1051_CRHO_132
Node,51,1053_SOWA_132
Node,52,1056_WATH_132
Node,53,1057_MCAA(Z6/01)_132
Node,54,1058_SKTA_132
Node,55,1059_STDM_132
Node,56,106_SASNK-ST11_15.8
Node,57,1061_MZET_132
Node,58,1063_PRSP_132
Node,59,1064_FLCT_132
Node,60,1065_SSHA_132
Node,61,1066_MFRQ_132
Node,62,1067_NHDA_132
Node,63,1068_MKAW_132
Node,64,1069_MKCC_132
Node,65,107_SASNK-ST12_15.8
Node,66,1070_EROD_132
Node,67,1072_MICT_132
Node,68,1074_SKMC_132
Node,69,1075_MCBB_132
Node,70,1076_SCAP_132
Node,71,1077_KZDA_132
Node,72,1078_YASII_132
Node,73,108_UMN-ST01_11
Node,74,109_UMN-ST02_11
Node,75,110_UMN-ST03_11
Node,76,111_UMN-ST04_11
Node,77,112_UMN-ST05_11
Node,78,113_UMN-ST06_11
Node,79,114_UMN-ST07_15
Node,80,115_UMN-ST08_15
Node,81,116_UMN-GT01_10.5
Node,82,117_UMN-GT02_10.5
Node,83,1401_ADST-132_132
Node,84,14017_DHFRSOL_A1_132
Node,85,1402_BECH-132_132
Node,86,1403_QURM_132
Node,87,1404_SASN_132
Node,88,1405_BHYG_132
Node,89,1406_REEM_132
Node,90,1407_SDYT_132
Node,91,1414_CPTL_132
Node,92,1416_SMKH_132
Node,93,14502_RUMSOL1_132
Node,94,14602_SWHSOLB1_132
Node,95,1502_SHPS_132
Node,96,1503_DMBAB3_132
Node,97,1504_DMBAB2_132
Node,98,1506_DLMA_132
Node,99,1508_SRBY_132
Node,100,1701_TAWB_132
Node,101,1702_TWPS-A_132
Node,102,1842_132
Node,103,1843_132
Node,104,1845__1_132
Node,105,2001_UNPS_220
Node,106,2002_MOSF_220
Node,107,2003_MGIC_220
Node,108,2005_MHWG_220
Node,109,2006_WATH_220
Node,110,2009_LCMO_220
Node,111,201_SHPT-GT11_16.5
Node,112,2010_CNTG_220
Node,113,2011_DBYA_220
Node,114,2012_RMTH_220
Node,115,2013_SMHG_220
Node,116,2014_HFMO-1_220
Node,117,2015_HFMO-2_220
Node,118,202_SHPT-GT12_16.5
Node,119,2020_DBYB_220
Node,120,2021_RMTB_220
Node,121,203_SHPT-GT21_16.5
Node,122,204_SHPT-GT22_16.5
Node,123,205_SHPT-GT23_16.5
Node,124,206_SHPT-ST10_16.5
Node,125,207_SHPT-ST20_16.5
Node,126,208_SHPT-GT52_20
Node,127,209_SHPT-ST50_16.5
Node,128,210_SHPT-GT51_20
Node,129,211_SHPT-ST40_16.5
Node,130,212_SHPT-GT41_20
Node,131,213_SHPT-GT42_20
Node,132,214_S3M1ST1_20
Node,133,215_S3M1GT1_20
Node,134,216_S3M1GT2_20
Node,135,217_S3M2ST1_20
Node,136,218_S3M2GT1_20
Node,137,219_S3M2GT2_20
Node,138,24017_DHFRSOL_A2_132
Node,139,2411_MOSG_220
Node,140,2412_SHME_220
Node,141,2415_ICAD_220
Node,142,24502_RUMSOL2_132
Node,143,2451_SHPS_220
Node,144,2452_WMZD_220
Node,145,24525_WMDZLA_33
Node,146,2454_BABG_220
Node,147,2457_RWS-220_220
Node,148,2458_NEW MRFA_220
Node,149,24602_SWHSOLB2_132
Node,150,2461_ASWG_220
Node,151,2462_SWHG_220
Node,152,2463_DHMG_220
Node,153,2464_SWHSOL1_220
Node,154,2465_SWHSOL1_220
Node,155,2501_RUWS_220
Node,156,25025_MRFA-LA_33
Node,157,25026_MRFA-LA_33
Node,158,2503_GTHY_220
Node,159,2504_SILA-220_220
Node,160,2506_ASGS_220
Node,161,2507_SHAMS1_220
Node,162,2508_BAAB_220
Node,163,2509_BHSA_220
Node,164,2510_LIWA_220
Node,165,2511_ASAB_220
Node,166,2512_LWST_220
Node,167,2513_HMMO-1_220
Node,168,2514_ELXR_220
Node,169,2515_WAHA1_220
Node,170,2516_WAHA2_220
Node,171,2517_SHAH_220
Node,172,2518_QSWM1_220
Node,173,2519_QSWM-2_220
Node,174,2520_ASBS_220
Node,175,2521_ONGS_220
Node,176,2522_HBSN_220
Node,177,2523_LWST-1_220
Node,178,2524_NKHL_220
Node,179,2526_HMMO-2_220
Node,180,2601_KHZG_220
Node,181,2602_RMAG_220
Node,182,2603_SLMG_220
Node,183,2604_NZAK_220
Node,184,2605_AAPS_220
Node,185,26057_AAPS-CA_33
Node,186,26058_AAPS-TH_33
Node,187,26059_AAPS-SE_33
Node,188,2606_AHYG_220
Node,189,2607_AOHG_220
Node,190,2608_WAST_220
Node,191,2609_SNYG_220
Node,192,2610_MZDG_220
Node,193,2611_ARDG_220
Node,194,2612_AWGG_220
Node,195,2613_CTCG_220
Node,196,2614_OUSH_220
Node,197,2615_AIAA_220
Node,198,2617_AAPH_220
Node,199,2618_FYDH_220
Node,200,2624_FAQA_220
Node,201,2624_ZAKG_220
Node,202,2625_TOYA_220
Node,203,2701_GNTT_220
Node,204,2707_RMTH-NODE-1_220
Node,205,2708_MOSF-JN_220
Node,206,2712_RMTH-NODE-2_220
Node,207,2713_MOSF-JN_220
Node,208,301_TAW-A1-GT01_11
Node,209,302_TAW-A1-GT02_11
Node,210,303_TAW-A1-GT03_11
Node,211,304_TAW-A1-GT14_15
Node,212,305_TAW-A1-GT15_15
Node,213,306_TAW-A1-GT16_15
Node,214,307_TAW-A1-GT17_15
Node,215,308_TAW-A1-GT18_15
Node,216,309_TAW-A1-GT19_15
Node,217,310_TAW-A1-GT20_15
Node,218,311_TAW-A1-ST21_19
Node,219,312_TAW-A1-ST22_19
Node,220,313_TAW-A1-ST23_19
Node,221,321_TAW-A2-GT11_15.75
Node,222,322_TAW-A2-GT12_15.75
Node,223,323_TAW-A2-GT13_15.75
Node,224,324_TAW-A2-ST14_10.5
Node,225,325_TAW-A2-ST15_10.5
Node,226,331_TAW-B1-ST11_15
Node,227,332_TAW-B1-ST21_15
Node,228,333_TAW-B1-ST31_15
Node,229,334_TAW-B1-ST41_15
Node,230,335_TAW-B1-ST51_15
Node,231,336_TAW-B1-ST61_15
Node,232,34017_DHFRSOL_B1_132
Node,233,341_TAW-B2-GT81_15.75
Node,234,342_TAW-B2-GT91_15.75
Node,235,343_TAW-B2-ST71_15.75
Node,236,351_TAW-B3-GT95_20
Node,237,352_TAW-B3-GT96_20
Node,238,353_TAW-B3-GT97_20
Node,239,354_TAW-B3-ST98_16.5
Node,240,4001_ADST_400
Node,241,4002_BECH_400
Node,242,4003_QURM_400
Node,243,4004_SASN_400
Node,244,4005_BHYG_400
Node,245,4006_REEM_400
Node,246,4007_SDYT_400
Node,247,401_MIRF-GT81_18
Node,248,4011_MOSG_400
Node,249,4012_SHME_400
Node,250,4014_CPTL_400
Node,251,4015_ICAD_400
Node,252,4016_SMKH_400
Node,253,4017_DHFR_400
Node,254,402_MIRF-GT02_11.5
Node,255,403_MIRF-GT03_11.5
Node,256,404_MIRF-GT82_18
Node,257,405_MZPS-GT01_11
Node,258,406_MZPS-GT02_11
Node,259,407_MZPS-GT03_10.5
Node,260,408_MZPS-GT04_11
Node,261,409_MZPS-GT05_11
Node,262,410_AAPS-GT07_11.5
Node,263,411_AAPS-GT08_11.5
Node,264,412_AAPS-GT09_11.5
Node,265,413_AAPS-GT10_11.5
Node,266,414_AAPS-GT11_11
Node,267,415_AAPS-GT12_11
Node,268,416_AAPS-GT13_11.5
Node,269,417_AAPS-GT14_11
Node,270,418_AAPS-GT15_11
Node,271,419_AAPS-GT16_11
Node,272,420_ZAWRA-GT5_15
Node,273,421_ZAWRA-GT6_15
Node,274,422_ZAWRA-GT7_15
Node,275,423_ZAWRA-GT8_15
Node,276,44017_DHFRSOL_B2_132
Node,277,4501_SHPS & S2PS_400
Node,278,4502_WMZD_400
Node,279,4503_GCSL-400_400
Node,280,4504_BABG_400
Node,281,4505_S3PS_400
Node,282,4507_RWSG_400
Node,283,4508_MRPS_400
Node,284,4509_BNPB-1_400
Node,285,4510_BNPB-2_400
Node,286,4511_BNPA-1_400
Node,287,4512_BNPA-2_400
Node,288,4601_ASWG_400
Node,289,4602_SWHN_400
Node,290,4603_DHMG_400
Node,291,4701_TWPS-1A_400
Node,292,4702_TANE_400
Node,293,4705_TWPS-1B_400
Node,294,4706_TWPS-1C_400
Node,295,503_MIRF-ST62_18
Node,296,504_MIRF-GT44_18
Node,297,505_MIRF-ST63_18
Node,298,61001_MKT1-F_132
Node,299,61008_PORT-F_132
Node,300,61015_ALSM-B_132
Node,301,61019_MRKT-F_132
Node,302,61025_BSTNF_132
Node,303,61026_UNPS-B-132_132
Node,304,61029__132
Node,305,61031__132
Node,306,61059__132
Node,307,61302_F1_132
Node,308,61701_TAWB_132
Node,309,62003_MGIC-J1_220
Node,310,62006_WATH-J_220
Node,311,62109_NZAK-J1_220
Node,312,62458_NEWMRFA_220
Node,313,62510_LIWA-J1_220
Node,314,62513_HMMO-J1_220
Node,315,62525_MIRF-200B_220
Node,316,62526_HMMO-J2_220
Node,317,62610_NZAK-J2_220
Node,318,62618_FYDH-J1_220
Node,319,64011_MOSG-J_400
Node,320,64012_SMKH-J1_400
Node,321,64016_FAYA-J1_400
Node,322,64508_MIRF-400A_400
Node,323,64509_MIRF-400B_400
Node,324,64510_MIRF-400C_400
Node,325,64511_MIRF-400D_400
Node,326,64512_MIRF-400E_400
Node,327,64601_ASWG-J1
Node,328,64602_SWHG_J1_400
Node,329,701_SHAMS1_15
Node,330,71031__132
Node,331,72510_LIWA-J2_220
Node,332,72618_FYDH-J2_220
Node,333,74016_FAYA-J2_400
Node,334,82010_CNTG-J3_220
Node,335,82411_MOSG-F1_220
Node,336,82618_FYDH-J3_220
Node,337,84016_FAYA-J3_400
Node,338,901_ENEC-NUC1_27
Node,339,902_ENEC-NUC2_27
Node,340,903_ENEC-NUC3_27
Node,341,904_ENEC-NUC4_27
Node,342,92010_CNTG-J4_220
Node,343,92618_FYDH-J4_220
Node,344,94016_FAYA-J4_400
Node,345,94701_TWPS-2A_400
Node,346,94705_TWPS-2B_400
Node,347,94706_TWPS-2C_400
Node,348,BESS_node
Node,349,Exp_Loss
Node,350,Qidfa
Node,351,TRANSCO Loss
Node,352,2491_OMAN_220
Node,353,EMAL_400
Node,354,4801_WRSN_400
Node,355,990015_SILAA1_400
Node,356,14802_RAKSOL1_132
Node,357,1483_QDFA_132
Node,358,1483_QDFA_132_SEWA
Node,359,1484_FILA_132
Node,360,1485_WSTG_132_FEWA
Node,361,1485_WSTG_132_SEWA
Node,362,1486_FJCT_132
Node,363,1486_FJCT_132_SEWA
Node,364,1801_F1PS_132
Node,365,1821_DHMN-132_132
Node,366,24802_RAKSOL2_132
Node,367,2482_DHID-220_220
Node,368,2482_DHID-220_220_SEWA
Node,369,4802_DHID_400
Node,370,4803_QDFA_400
Node,371,4804_FILA-400_400
Node,372,4805_WSTG_400
Node,373,4806_FJCT_400
Node,374,4807_QDF3_400
Node,375,810_FUJF1-GT01_15
Node,376,811_FUJF1-GT02_15
Node,377,812_FUJF1-ST1_15
Node,378,813_FUJF1-GT03_15
Node,379,814_FUJF1-GT04_15
Node,380,815_FUJF1-ST2_15
Node,381,816_F1EXT-GT44_15
Node,382,818_FUJF2-GT11_21
Node,383,819_FUJF2-GT12_21
Node,384,820_FUJF2-ST18_21
Node,385,821_FUJF2-GT21_21
Node,386,822_FUJF2-ST28_15
Node,387,823_FUJF2-GT31_21
Node,388,824_FUJF2-GT32_21
Node,389,825_FUJF2-ST38_21
Node,390,830_F3M1ST1_20
Node,391,831_F3M1GT1_20
Node,392,832_F3M1GT2_20
Node,393,833_F3M2ST1_20
Node,394,834_F3M2GT1_20
Node,395,835_F3M2GT2_20
Node,396,836_F3M3ST1_20
Node,397,837_F3M3GT1_20
Node,398,838_F3M4ST1_20
Node,399,839_F3M4GT1_20
Node,400,840_F3M4GT2_20
Node,401,ADNOC off-shore Mirfa
Node,402,ADNOC off-shore Ruwais
Node,403,ADNOC off-shore Shuweihat
Line,5,1001_MKT1_132_1002_MRKT_132_1_CKT
Line,6,1001_MKT1_132_1401_ADST-132_132_1_CKT
Line,7,1001_MKT1_132_61001_MKT1-F_132_*1_CKT
Line,8,1002_MRKT_132_1003_SOUQ_132_1_CKT
Line,9,1002_MRKT_132_1019_MDZD_132_1_CKT
Line,10,1002_MRKT_132_1061_MZET_132_1_CKT
Line,11,1002_MRKT_132_1401_ADST-132_132_1_CKT
Line,12,1003_SOUQ_132_1004_CPGR_132_1_CKT
Line,13,1003_SOUQ_132_1004_CPGR_132_2_CKT
Line,14,1003_SOUQ_132_1051_CRHO_132_1_CKT
Line,15,1003_SOUQ_132_1401_ADST-132_132_1_CKT
Line,16,1004_CPGR_132_1005_FRDS_132_1_CKT
Line,17,1004_CPGR_132_1401_ADST-132_132_2_CKT
Line,18,1005_FRDS_132_1006_ZYD2_132_1_CKT
Line,19,1005_FRDS_132_1051_CRHO_132_1_CKT
Line,20,1005_FRDS_132_1401_ADST-132_132_2_CKT
Line,21,1006_ZYD2_132_1061_MZET_132_1_CKT
Line,22,1006_ZYD2_132_1401_ADST-132_132_1_CKT
Line,23,1006_ZYD2_132_61015_ALSM-B_132_1_CKT
Line,24,1007_TCLB_132_1401_ADST-132_132_1_CKT
Line,25,1007_TCLB_132_1401_ADST-132_132_2_CKT
Line,26,1007_TCLB_132_61015_ALSM-B_132_1_CKT
Line,27,1008_PORT_132_1401_ADST-132_132_1_CKT
Line,28,1008_PORT_132_1401_ADST-132_132_2_CKT
Line,29,1008_PORT_132_61008_PORT-F_132_*1_CKT
Line,30,1009_EMBS_132_1011_GLFA_132_1_CKT
Line,31,1009_EMBS_132_1049_CCAD_132_1_CKT
Line,32,1009_EMBS_132_1402_BECH-132_132_1_CKT
Line,33,1010_DANT_132_1011_GLFA_132_1_CKT
Line,34,1010_DANT_132_1402_BECH-132_132_1_CKT
Line,35,1010_DANT_132_1402_BECH-132_132_2_CKT
Line,36,1011_GLFA_132_1012_MSHF-A_132_1_CKT
Line,37,1012_MSHF-A_132_1402_BECH-132_132_1_CKT
Line,38,1012_MSHF-A_132_61025_BSTNF_132_1_CKT
Line,39,1013_HTCO_132_1014_FLAH_132_1_CKT
Line,40,1013_HTCO_132_1070_EROD_132_1_CKT
Line,41,1013_HTCO_132_1402_BECH-132_132_1_CKT
Line,42,1014_FLAH_132_1015_ALSM-A_132_1_CKT
Line,43,1014_FLAH_132_1070_EROD_132_1_CKT
Line,44,1014_FLAH_132_1402_BECH-132_132_1_CKT
Line,45,1015_ALSM-A_132_1402_BECH-132_132_1_CKT
Line,46,1016_KHPK_132_1402_BECH-132_132_1_CKT
Line,47,1016_KHPK_132_1402_BECH-132_132_2_CKT
Line,48,1017_CLNS_132_1403_QURM_132_1_CKT
Line,49,1017_CLNS_132_1403_QURM_132_2_CKT
Line,50,1017_CLNS_132_61008_PORT-F_132_1_CKT
Line,51,1018_JZRH_132_1019_MDZD_132_1_CKT
Line,52,1018_JZRH_132_1019_MDZD_132_2_CKT
Line,53,1018_JZRH_132_1020_KLDY_132_1_CKT
Line,54,1018_JZRH_132_1020_KLDY_132_2_CKT
Line,55,1018_JZRH_132_1074_SKMC_132_1_CKT
Line,56,1018_JZRH_132_1074_SKMC_132_2_CKT
Line,57,1018_JZRH_132_1403_QURM_132_1_CKT
Line,58,1018_JZRH_132_1403_QURM_132_2_CKT
Line,59,1018_JZRH_132_1403_QURM_132_3_CKT
Line,60,1018_JZRH_132_1403_QURM_132_4_CKT
Line,61,1019_MDZD_132_1061_MZET_132_1_CKT
Line,62,1019_MDZD_132_1074_SKMC_132_1_CKT
Line,63,1019_MDZD_132_1403_QURM_132_1_CKT
Line,64,1019_MDZD_132_1403_QURM_132_2_CKT
Line,65,1020_KLDY_132_1021_MRML_132_1_CKT
Line,66,1020_KLDY_132_1022_GRHD_132_1_CKT
Line,67,1020_KLDY_132_1022_GRHD_132_2_CKT
Line,68,1020_KLDY_132_1403_QURM_132_1_CKT
Line,69,1020_KLDY_132_1403_QURM_132_2_CKT
Line,70,1020_KLDY_132_61001_MKT1-F_132_1_CKT
Line,71,1021_MRML_132_1022_GRHD_132_1_CKT
Line,72,1021_MRML_132_1023_CONH_132_1_CKT
Line,73,1022_GRHD_132_1024_BATN_132_1_CKT
Line,74,1022_GRHD_132_1063_PRSP_132_1_CKT
Line,75,1023_CONH_132_1025_BSTN_132_1_CKT
Line,76,1023_CONH_132_1063_PRSP_132_1_CKT
Line,77,1023_CONH_132_1063_PRSP_132_2_CKT
Line,78,1024_BATN_132_1025_BSTN_132_1_CKT
Line,79,1024_BATN_132_1403_QURM_132_1_CKT
Line,80,1025_BSTN_132_1403_QURM_132_1_CKT
Line,81,1025_BSTN_132_1403_QURM_132_2_CKT
Line,82,1025_BSTN_132_61025_BSTNF_132_*1_CKT
Line,83,1026_UNPS_132_1028_MKAA_132_2_CKT
Line,84,1026_UNPS_132_1030_SLTC_132_1_CKT
Line,85,1026_UNPS_132_1030_SLTC_132_2_CKT
Line,86,1026_UNPS_132_1404_SASN_132_1_CKT
Line,87,1026_UNPS_132_1404_SASN_132_2_CKT
Line,88,1026_UNPS_132_1404_SASN_132_3_CKT
Line,89,1026_UNPS_132_1404_SASN_132_4_CKT
Line,90,1026_UNPS_132_61026_UNPS-B-132_132_1_CKT
Line,91,1026_UNPS_132_61302_F1_132_1_CKT
Line,92,1027_RBAA_132_1036_RBBB_132_1_CKT
Line,93,1027_RBAA_132_1048_ADIP_132_1_CKT
Line,94,1027_RBAA_132_1076_SCAP_132_1_CKT
Line,95,1027_RBAA_132_1405_BHYG_132_1_CKT
Line,96,1027_RBAA_132_1405_BHYG_132_2_CKT
Line,97,1028_MKAA_132_1059_STDM_132_1_CKT
Line,98,1028_MKAA_132_61029__132_1_CKT
Line,99,1028_MKAA_132_61059_132_1_CKT
Line,100,1029_AIRP_132_1032_MKBB_132_1_CKT
Line,101,1029_AIRP_132_1034_BHYA_132_1_CKT
Line,102,1029_AIRP_132_61029__132_*1_CKT
Line,103,1030_SLTC_132_1845__1_132_1_CKT
Line,104,1030_SLTC_132_71031__132_1_CKT
Line,105,1031_MOS1_132_1057_MCAA(Z6/01)_132_1_CKT
Line,106,1031_MOS1_132_1072_MICT_132_1_CKT
Line,107,1031_MOS1_132_1072_MICT_132_2_CKT
Line,108,1031_MOS1_132_71031__132_1_CKT
Line,109,1032_MKBB_132_1036_RBBB_132_1_CKT
Line,110,1032_MKBB_132_1036_RBBB_132_2_CKT
Line,111,1032_MKBB_132_1069_MKCC_132_1_CKT
Line,112,1032_MKBB_132_61302_F1_132_1_CKT
Line,113,1033_JSRN_132_1068_MKAW_132_1_CKT
Line,114,1033_JSRN_132_1404_SASN_132_1_CKT
Line,115,1033_JSRN_132_1404_SASN_132_2_CKT
Line,116,1033_JSRN_132_1845__1_132_1_CKT
Line,117,1033_JSRN_132_71031__132_1_CKT
Line,118,1034_BHYA_132_1405_BHYG_132_1_CKT
Line,119,1034_BHYA_132_1405_BHYG_132_2_CKT
Line,120,1035_YASI_132_1078_YAS-II_1_CKT
Line,121,1035_YASI_132_1405_BHYG_132_1_CKT
Line,122,1035_YASI_132_1405_BHYG_132_2_CKT
Line,123,1035_YASI_132_1405_BHYG_132_3_CKT
Line,124,1035_YASI_132_1405_BHYG_132_4_CKT
Line,125,1035_YASI_132_1405_BHYG_132_5_CKT
Line,126,1036_RBBB_132_1048_ADIP_132_1_CKT
Line,127,1036_RBBB_132_1069_MKCC_132_1_CKT
Line,128,1036_RBBB_132_1069_MKCC_132_2_CKT
Line,129,1036_RBBB_132_1405_BHYG_132_1_CKT
Line,130,1037_TMUH_132_1053_SOWA_132_1_CKT
Line,131,1037_TMUH_132_1406_REEM_132_1_CKT
Line,132,1037_TMUH_132_1406_REEM_132_2_CKT
Line,133,1038_SRUH_132_1039_RMDV_132_1_CKT
Line,134,1038_SRUH_132_1406_REEM_132_1_CKT
Line,135,1038_SRUH_132_1406_REEM_132_2_CKT
Line,136,1039_RMDV_132_1406_REEM_132_1_CKT
Line,137,1039_RMDV_132_1406_REEM_132_2_CKT
Line,138,1044_SDBB_132_1046_SDDD_132_1_CKT
Line,139,1044_SDBB_132_1407_SDYT_132_1_CKT
Line,140,1044_SDBB_132_1407_SDYT_132_2_CKT
Line,141,1045_SDCC_132_1046_SDDD_132_1_CKT
Line,142,1045_SDCC_132_1407_SDYT_132_1_CKT
Line,143,1045_SDCC_132_1407_SDYT_132_2_CKT
Line,144,1046_SDDD_132_1407_SDYT_132_1_CKT
Line,145,1048_ADIP_132_1405_BHYG_132_2_CKT
Line,146,1049_CCAD_132_1402_BECH-132_132_1_CKT
Line,147,1049_CCAD_132_1402_BECH-132_132_2_CKT
Line,148,1051_CRHO_132_1401_ADST-132_132_1_CKT
Line,149,1051_CRHO_132_1401_ADST-132_132_2_CKT
Line,150,1053_SOWA_132_1406_REEM_132_1_CKT
Line,151,1053_SOWA_132_1406_REEM_132_2_CKT
Line,152,1053_SOWA_132_1406_REEM_132_3_CKT
Line,153,1056_WATH_132_1067_NHDA_132_1_CKT
Line,154,1056_WATH_132_1067_NHDA_132_2_CKT
Line,155,1056_WATH_132_1067_NHDA_132_3_CKT
Line,156,1056_WATH_132_1414_CPTL_132_1_CKT
Line,157,1056_WATH_132_1414_CPTL_132_2_CKT
Line,158,1056_WATH_132_1414_CPTL_132_3_CKT
Line,159,1057_MCAA(Z6/01)_132_1072_MICT_132_1_CKT
Line,160,1057_MCAA(Z6/01)_132_1414_CPTL_132_2_CKT
Line,161,1057_MCAA(Z6/01)_132_61031__132_1_CKT
Line,162,1058_SKTA_132_1066_MFRQ_132_1_CKT
Line,163,1058_SKTA_132_1414_CPTL_132_1_CKT
Line,164,1058_SKTA_132_1414_CPTL_132_2_CKT
Line,165,1059_STDM_132_1068_MKAW_132_1_CKT
Line,166,1059_STDM_132_1414_CPTL_132_1_CKT
Line,167,1059_STDM_132_1414_CPTL_132_2_CKT
Line,168,1059_STDM_132_61059_132_1_CKT
Line,169,1061_MZET_132_61015_ALSM-B_132_1_CKT
Line,170,1064_FLCT_132_1076_SCAP_132_1_CKT
Line,171,1064_FLCT_132_1076_SCAP_132_2_CKT
Line,172,1064_FLCT_132_1405_BHYG_132_1_CKT
Line,173,1064_FLCT_132_1416_SMKH_132_1_CKT
Line,174,1064_FLCT_132_1416_SMKH_132_2_CKT
Line,175,1065_SSHA_132_1416_SMKH_132_3_CKT
Line,176,1065_SSHA_132_1842_132_1_CKT
Line,177,1065_SSHA_132_1843_132_1_CKT
Line,178,1066_MFRQ_132_1414_CPTL_132_1_CKT
Line,179,1066_MFRQ_132_1414_CPTL_132_2_CKT
Line,180,1068_MKAW_132_1404_SASN_132_3_CKT
Line,181,1068_MKAW_132_61302_F1_132_1_CKT
Line,182,1070_EROD_132_1402_BECH-132_132_1_CKT
Line,183,1070_EROD_132_1402_BECH-132_132_2_CKT
Line,184,1072_MICT_132_1075_MCBB_132_1_CKT
Line,185,1074_SKMC_132_1403_QURM_132_1_CKT
Line,186,1075_MCBB_132_1414_CPTL_132_1_CKT
Line,187,1075_MCBB_132_1414_CPTL_132_2_CKT
Line,188,1076_SCAP_132_1078_YAS-II_132_1_CKT
Line,189,1076_SCAP_132_1405_BHYG_132_1_CKT
Line,190,1077_KZDA_132_1702_TWPS-A_132_1_CKT
Line,191,1077_KZDA_132_1702_TWPS-A_132_2_CKT
Line,192,1078_YAS-II_132_1405_BHYG_132_1_CKT
Line,193,1416_SMKH_132_1842_132_1_CKT
Line,194,1416_SMKH_132_1843_132_1_CKT
Line,195,1502_SHPS_132_1506_DLMA_132_1_CKT
Line,196,1502_SHPS_132_1506_DLMA_132_2_CKT
Line,197,1502_SHPS_132_1508_SRBY_132_1_CKT
Line,198,1502_SHPS_132_1508_SRBY_132_2_CKT
Line,199,1701_TAWB_132_61701_TAWB_132_1_CKT
Line,200,2001_UNPS_220_2005_MHWG_220_1_CKT
Line,201,2001_UNPS_220_82411_MOSG-F1_220_1_CKT
Line,202,2002_MOSF_220_2003_MGIC_220_1_CKT
Line,203,2002_MOSF_220_2708_MOSF-JN_220_1_CKT
Line,204,2002_MOSF_220_2713_MOSF-JN_220_1_CKT
Line,205,2003_MGIC_220_2411_MOSG_220_1_CKT
Line,206,2003_MGIC_220_2411_MOSG_220_2_CKT
Line,207,2003_MGIC_220_2411_MOSG_220_3_CKT
Line,208,2003_MGIC_220_62003_MGIC-J1_220_CKT1
Line,209,2005_MHWG_220_2006_WATH_220_1_CKT
Line,210,2006_WATH_220_2009_LCMO_220_1_CKT
Line,211,2006_WATH_220_2015_HFMO-2__220_1_CKT
Line,212,2006_WATH_220_2411_MOSG_220_1_CKT
Line,213,2010_CNTG_220_2011_DBYA_220_1_CKT
Line,214,2010_CNTG_220_2011_DBYA_220_2_CKT
Line,215,2010_CNTG_220_2707_RMTH-NODE-1_220_1_CKT
Line,216,2010_CNTG_220_2712_RMTH-NODE-2_220_2_CKT
Line,217,2010_CNTG_220_82010_CNTG-J3_220_1_CKT
Line,218,2010_CNTG_220_92010_CNTG-J4_220_1_CKT
Line,219,2012_RMTH_220_2707_RMTH-NODE-1_220_1_CKT
Line,220,2012_RMTH_220_2712_RMTH-NODE-2_220_1_CKT
Line,221,2013_SMHG_220_2412_SHME_220_1_CKT
Line,222,2013_SMHG_220_2412_SHME_220_2_CKT
Line,223,2013_SMHG_220_2701_GNTT_220_1_CKT
Line,224,2013_SMHG_220_2701_GNTT_220_2_CKT
Line,225,2014_HFMO-1_220_2412_SHME_220_1_CKT
Line,226,2014_HFMO-1_220_2602_RMAG_220_1_CKT
Line,227,2015_HFMO-2_220_2412_SHME_220_1_CKT
Line,228,2015_HFMO-2_220_2601_KHZG_220_1_CKT
Line,229,2020_DBYB_220_82010_CNTG-J3_220_1_CKT
Line,230,2020_DBYB_220_92010_CNTG-J4_220_1_CKT
Line,231,2021_RMTB_220_2707_RMTH-NODE-1_220_1_CKT
Line,232,2021_RMTB_220_2712_RMTH-NODE-2_220_1_CKT
Line,233,2411_MOSG_220_62003_MGIC-J1_220_4_CKT
Line,234,2411_MOSG_220_82411_MOSG-F1_220_3_CKT
Line,235,2412_SHME_220_2006_WATH_220_1_CKT
Line,236,2415_ICAD_220_2708_MOSF-JN_220_1_CKT
Line,237,2415_ICAD_220_2713_MOSF-JN_220_1_CKT
Line,238,2415_ICAD_220_82010_CNTG-J3_220_2_CKT
Line,239,2415_ICAD_220_92010_CNTG-J4_220_1_CKT
Line,240,2451_SHPS_220_2501_RUWS_220_1_CKT
Line,241,2451_SHPS_220_2501_RUWS_220_2_CKT
Line,242,2451_SHPS_220_2503_GTHY_220_1_CKT
Line,243,2451_SHPS_220_2504_SILA-220_220_1_CKT
Line,244,2452_WMZD_220_2458_NEW MRFA_220_1_CKT
Line,245,2452_WMZD_220_2507_SHAMS1_220_1_CKT
Line,246,2452_WMZD_220_2509_BHSA_220_1_CKT
Line,247,2452_WMZD_220_2511_ASAB_220_1_CKT
Line,248,2452_WMZD_220_2511_ASAB_220_2_CKT
Line,249,2452_WMZD_220_62510_LIWA-J1_220_1_CKT
Line,250,2452_WMZD_220_72510_LIWA-J2_220_1_CKT
Line,251,2454_BABG_220_2458_NEW MRFA_220_1_CKT
Line,252,2454_BABG_220_2508_BAAB_220_1_CKT
Line,253,2454_BABG_220_2508_BAAB_220_2_CKT
Line,254,2454_BABG_220_2508_BAAB_220_3_CKT
Line,255,2454_BABG_220_2509_BHSA_220_1_CKT
Line,256,2454_BABG_220_2520_ASBS_220_1_CKT
Line,257,2454_BABG_220_2520_ASBS_220_2_CKT
Line,258,2454_BABG_220_2521_ONGS_220_1_CKT
Line,259,2454_BABG_220_2521_ONGS_220_2_CKT
Line,260,2454_BABG_220_2522_HBSN_220_1_CKT
Line,261,2458_NEW MRFA_220_2010_CNTG_220_1_CKT
Line,262,2458_NEW MRFA_220_2010_CNTG_220_2_CKT
Line,263,2458_NEW MRFA_220_2514_ELXR_220_1_CKT
Line,264,2458_NEW MRFA_220_2514_ELXR_220_2_CKT
Line,265,2458_NEW MRFA_220_62458_NEWMRFA_220_1_CKT
Line,266,2458_NEW MRFA_220_62525_MIRF-200B_220_1_CKT
Line,267,2461_ASWG_220_2603_SLMG_220_1_CKT
Line,268,2461_ASWG_220_2604_NZAK_220_1_CKT
Line,269,2461_ASWG_220_2604_NZAK_220_2_CKT
Line,270,2461_ASWG_220_2611_ARDG_220_1_CKT
Line,271,2461_ASWG_220_2611_ARDG_220_2_CKT
Line,272,2461_ASWG_220_2615_AIAA_220_1_CKT
Line,273,2461_ASWG_220_2624_ZAKG_220_1_CKT
Line,274,2461_ASWG_220_2624_ZAKG_220_2_CKT
Line,275,2461_ASWG_220_72618_FYDH-J2_220_1_CKT
Line,276,2461_ASWG_220_82618_FYDH-J3_220_2_CKT
Line,277,2462_SWHG_220_2463_DHMG_220_1_CKT
Line,278,2462_SWHG_220_2464_SWHGSOL1_220_1_CKT
Line,279,2462_SWHG_220_2465_SWHGSOL2_220_1_CKT
Line,280,2462_SWHG_220_2601_KHZG_220_1_CKT
Line,281,2462_SWHG_220_2602_RMAG_220_1_CKT
Line,282,2462_SWHG_220_2602_RMAG_220_2_CKT
Line,283,2462_SWHG_220_2603_SLMG_220_1_CKT
Line,284,2462_SWHG_220_2606_AHYG_220_1_CKT
Line,285,2462_SWHG_220_2624_FAQA_220_1_CKT
Line,286,2463_DHMG_220_2604_NZAK_220_1_CKT
Line,287,2463_DHMG_220_2604_NZAK_220_2_CKT
Line,288,2463_DHMG_220_2605_AAPS_220_1_CKT
Line,289,2463_DHMG_220_2605_AAPS_220_2_CKT
Line,290,2463_DHMG_220_2606_AHYG_220_2_CKT
Line,291,2463_DHMG_220_2607_AOHG_220_1_CKT
Line,292,2463_DHMG_220_2607_AOHG_220_2_CKT
Line,293,2463_DHMG_220_2613_CTCG_220_2_CKT
Line,294,2463_DHMG_220_2617_AAPH_220_1_CKT
Line,295,2463_DHMG_220_2624_FAQA_220_1_CKT
Line,296,2463_DHMG_220_2625_TOYA_1_CKT
Line,297,2463_DHMG_220_2625_TOYA_2_CKT
Line,298,2501_RUWS_220_2503_GTHY_220_1_CKT
Line,299,2501_RUWS_220_2504_SILA-220_220_1_CKT
Line,300,2501_RUWS_220_2514_ELXR_220_1_CKT
Line,301,2501_RUWS_220_2514_ELXR_220_2_CKT
Line,302,2506_ASGS_220_2520_ASBS_220_1_CKT
Line,303,2506_ASGS_220_2520_ASBS_220_2_CKT
Line,304,2508_BAAB_220_2522_HBSN_220_1_CKT
Line,305,2510_LIWA_220_62510_LIWA-J1_220_1_CKT
Line,306,2510_LIWA_220_72510_LIWA-J2_220_1_CKT
Line,307,2511_ASAB_220_2520_ASBS_220_1_CKT
Line,308,2511_ASAB_220_2520_ASBS_220_2_CKT
Line,309,2511_ASAB_220_62513_HMMO-J1_220_1_CKT
Line,310,2511_ASAB_220_62526_HMMO-J2_220_1_CKT
Line,311,2512_LWST_220_72510_LIWA-J2_220_1_CKT
Line,312,2513_HMMO-1_220_62513_HMMO-J1_220_1_CKT
Line,313,2515_WAHA-1_220_2518_QSWM-1_220_1_CKT
Line,314,2516_WAHA-2_220_2519_QSWM-2_220_1_CKT
Line,315,2517_SHAH_220_2520_ASBS_220_1_CKT
Line,316,2517_SHAH_220_2520_ASBS_220_2_CKT
Line,317,2517_SHAH_220_2520_ASBS_220_3_CKT
Line,318,2517_SHAH_220_2520_ASBS_220_4_CKT
Line,319,2518_QSWM-1_220_62526_HMMO-J2_220_1_CKT
Line,320,2519_QSWM-2_220_62513_HMMO-J1_220_1_CKT
Line,321,2520_ASBS_220_2524_NKHL_220_1_CKT
Line,322,2520_ASBS_220_2524_NKHL_220_2_CKT
Line,323,2523_LWST-1_220_62510_LIWA-J1_220_1_CKT
Line,324,2601_KHZG_220_2009_LCMO_220_1_CKT
Line,325,2601_KHZG_220_2602_RMAG_220_1_CKT
Line,326,2602_RMAG_220_2603_SLMG_220_1_CKT
Line,327,2602_RMAG_220_62006_WATH-J_220_1_CKT
Line,328,2603_SLMG_220_2615_AIAA_220_1_CKT
Line,329,2604_NZAK_220_2613_CTCG_220_1_CKT
Line,330,2604_NZAK_220_2625_TOYA_1_CKT
Line,331,2604_NZAK_220_2625_TOYA_2_CKT
Line,332,2604_NZAK_220_62610_NZAK-J2_220_1_CKT
Line,333,2604_ZAKN_220_2624_ZAKG_220_1_CKT
Line,334,2604_ZAKN_220_2624_ZAKG_220_2_CKT
Line,335,2604_ZAKN_220_62109_NZAK-J1_220_1_CKT
Line,336,2605_AAPS_220_2613_CTCG_220_1_CKT
Line,337,2605_AAPS_220_2617_AAPH_220_2_CKT
Line,338,2607_AOHG_220_2608_WAST_220_1_CKT
Line,339,2607_AOHG_220_2608_WAST_220_2_CKT
Line,340,2609_SNYG_220_2610_MZDG_220_1_CKT
Line,341,2609_SNYG_220_62109_NZAK-J1_220_1_CKT
Line,342,2609_SNYG_220_62618_FYDH-J1_220_1_CKT
Line,343,2610_MZDG_220_62610_NZAK-J2_220_1_CKT
Line,344,2610_MZDG_220_92618_FYDH-J4_220_1_CKT
Line,345,2611_ARDG_220_2612_AWGG_220_3_CKT
Line,346,2611_ARDG_220_2614_OUSH_220_1_CKT
Line,347,2612_AWGG_220_2615_AIAA_220_1_CKT
Line,348,2613_CTCG_220_2624_ZAKG_220_1_CKT
Line,349,2614_OUSH_220_2615_AIAA_220_1_CKT
Line,350,2618_FYDH_220_62618_FYDH-J1_220_1_CKT
Line,351,2618_FYDH_220_72618_FYDH-J2_220_1_CKT
Line,352,2618_FYDH_220_82618_FYDH-J3_220_1_CKT
Line,353,2618_FYDH_220_92618_FYDH-J4_220_1_CKT
Line,354,2624_ZAKG_220_62109_NZAK-J1_220_1_CKT
Line,355,4001_ADST_400_4003_QURM_400_1_CKT
Line,356,4001_ADST_400_4003_QURM_400_2_CKT
Line,357,4001_ADST_400_4005_BHYG_400_1_CKT
Line,358,4001_ADST_400_4006_REEM_400_1_CKT
Line,359,4001_ADST_400_4006_REEM_400_2_CKT
Line,360,4001_ADST_400_4007_SDYT_400_1_CKT
Line,361,4001_ADST_400_4007_SDYT_400_2_CKT
Line,362,4001_ADST_400_4007_SDYT_400_3_CKT
Line,363,4002_BECH_400_4003_QURM_400_1_CKT
Line,364,4002_BECH_400_4003_QURM_400_2_CKT
Line,365,4002_BECH_400_4004_SASN_400_1_CKT
Line,366,4002_BECH_400_4004_SASN_400_2_CKT
Line,367,4002_BECH_400_4004_SASN_400_3_CKT
Line,368,4002_BECH_400_4004_SASN_400_4_CKT
Line,369,4004_SASN_400_4011_MOSG_400_1_CKT
Line,370,4004_SASN_400_4014_CPTL_400_1_CKT
Line,371,4004_SASN_400_4014_CPTL_400_2_CKT
Line,372,4004_SASN_400_64011_MOSG-J_400_2_CKT
Line,373,4005_BHYG_400_4007_SDYT_400_1_CKT
Line,374,4005_BHYG_400_4007_SDYT_400_2_CKT
Line,375,4005_BHYG_400_4007_SDYT_400_3_CKT
Line,376,4005_BHYG_400_4701_TWPS-2A_400_1_CKT
Line,377,4005_BHYG_400_4702_TANE_400_1_CKT
Line,378,4005_BHYG_400_4702_TANE_400_2_CKT
Line,379,4005_BHYG_400_94701_TWPS-2A_400_1_CKT
Line,380,4007_SDYT_400_4702_TANE_400_2_CKT
Line,381,4011_MOSG_400_4014_CPTL_400_1_CKT
Line,382,4011_MOSG_400_4014_CPTL_400_2_CKT
Line,383,4011_MOSG_400_4014_CPTL_400_3_CKT
Line,384,4011_MOSG_400_4015_ICAD_400_1_CKT
Line,385,4011_MOSG_400_4015_ICAD_400_2_CKT
Line,386,4011_MOSG_400_4016_SMKH_400_1_CKT
Line,387,4011_MOSG_400_4017_DHFR_400_1_CKT
Line,388,4011_MOSG_400_4017_DHFR_400_2_CKT
Line,389,4011_MOSG_400_4502_WMZD_400_3_CKT
Line,390,4012_SHME_400_4016_SMKH_400_2_CKT
Line,391,4012_SHME_400_4602_SWHN_400_1_CKT
Line,392,4012_SHME_400_4603_DHMG_400_1_CKT
Line,393,4012_SHME_400_4705_TWPS-1B_400_1_CKT
Line,394,4012_SHME_400_4706_TWPS-1C_400_1_CKT
Line,395,4012_SHME_400_64012_SMKH-J1_400_1_CKT
Line,396,4015_ICAD_400_4501_SHPS & S2PS_400_1_CKT
Line,397,4015_ICAD_400_4501_SHPS & S2PS_400_2_CKT
Line,398,4015_ICAD_400_64011_MOSG-J_400_1_CKT
Line,399,4016_SMKH_400_4601_ASWG_400_1_CKT
Line,400,4016_SMKH_400_4602_SWHN_400_1_CKT
Line,401,4016_SMKH_400_4602_SWHN_400_2_CKT
Line,402,4016_SMKH_400_4603_DHMG_400_1_CKT
Line,403,4016_SMKH_400_4701_TWPS-1A_400_1_CKT
Line,404,4016_SMKH_400_4702_TANE_400_1_CKT
Line,405,4016_SMKH_400_64016_FAYA-J1_400_2_CKT
Line,406,4016_SMKH_400_64602_SWHG-J1_400_1_CKT
Line,407,4016_SMKH_400_74016_FAYA-J2_400_1_CKT
Line,408,4016_SMKH_400_84016_FAYA-J3_400_3_CKT
Line,409,4016_SMKH_400_94016_FAYA-J4_400_4_CKT
Line,410,4016_SMKH_400_94701_TWPS-2A_400_1_CKT
Line,411,4017_DHFR_400_4504_BABG_400_1_CKT
Line,412,4017_DHFR_400_4504_BABG_400_2_CKT
Line,413,4017_DHFR_400_4601_ASWG_400_1_CKT
Line,414,4017_DHFR_400_4601_ASWG_400_2_CKT
Line,415,4017_DHFR_400_64601_ASWG-J1_400_2_CKT
Line,416,4501_SHPS & S2PS_400_4502_WMZD_400_1_CKT
Line,417,4501_SHPS & S2PS_400_4502_WMZD_400_2_CKT
Line,418,4501_SHPS & S2PS_400_4504_BABG_400_1_CKT
Line,419,4501_SHPS & S2PS_400_4504_BABG_400_2_CKT
Line,420,4501_SHPS & S2PS_400_4505_S3PS_400_1_CKT
Line,421,4501_SHPS & S2PS_400_4505_S3PS_400_2_CKT
Line,422,4502_WMZD_400_4504_BABG_400_1_CKT
Line,423,4502_WMZD_400_4504_BABG_400_2_CKT
Line,424,4502_WMZD_400_4509_BNPB-1_400_1_CKT
Line,425,4502_WMZD_400_4510_BNPB-2_400_2_CKT
Line,426,4502_WMZD_400_4601_ASWG_400_1_CKT
Line,427,4502_WMZD_400_84016_FAYA-J3_400_1_CKT
Line,428,4502_WMZD_400_94016_FAYA-J4_400_2_CKT
Line,429,4503_GCSL-400_400_4509_BNPB-1_400_2_CKT
Line,430,4503_GCSL-400_400_4511_BNPA-1_400_1_CKT
Line,431,4503_GCSL-400_400_4511_BNPA-1_400_2_CKT
Line,432,4503_GCSL-400_400_990015_SILAA1_400_2_CKT
Line,433,4504_BABG_400_4507_RWSG_400_1_CKT
Line,434,4504_BABG_400_4507_RWSG_400_2_CKT
Line,435,4505_S3PS_400_4507_RWSG_400_1_CKT
Line,436,4505_S3PS_400_4507_RWSG_400_2_CKT
Line,437,4505_S3PS_400_4507_RWSG_400_3_CKT
Line,438,4505_S3PS_400_4507_RWSG_400_4_CKT
Line,439,4505_S3PS_400_4511_BNPA-1_400_1_CKT
Line,440,4505_S3PS_400_4512_BNPA-2_400_2_CKT
Line,441,4508_MRPS_400_4511_BNPA-1_400_1_CKT
Line,442,4508_MRPS_400_4512_BNPA-2_400_2_CKT
Line,443,4508_MRPS_400_64016_FAYA-J1_400_2_CKT
Line,444,4508_MRPS_400_64508_MIRF-400A_400_1_CKT
Line,445,4508_MRPS_400_64509_MIRF-400B_400_1_CKT
Line,446,4508_MRPS_400_64510_MIRF-400C_400_1_CKT
Line,447,4508_MRPS_400_64511_MIRF-400D_400_1_CKT
Line,448,4508_MRPS_400_64512_MIRF-400E_400_1_CKT
Line,449,4508_MRPS_400_74016_FAYA-J2_400_1_CKT
Line,450,4509_BNPB-1_400_4504_BABG_400_1_CKT
Line,451,4509_BNPB-1_400_4510_BNPB-2_400_1_CKT
Line,452,4509_BNPB-1_400_4511_BNPA-1_400_1_CKT
Line,453,4510_BNPB-2_400_4504_BABG_400_2_CKT
Line,454,4510_BNPB-2_400_4512_BNPA-2_400_1_CKT
Line,455,4511_BNPA-1_400_4512_BNPA-2_400_1_CKT
Line,456,4601_ASWG_400_64602_SWHG-J1_400_2_CKT
Line,457,4602_SWHG_400_64601_ASWG-J1_400_1_CKT
Line,458,4602_SWHN_400_4603_DHMG_400_1_CKT
Line,459,4603_DHMG_400_4706_TWPS-1C_400_1_CKT
Line,460,4701_TWPS-1A_400_4705_TWPS-1B_400_*1_CKT
Line,461,4701_TWPS-1A_400_94701_TWPS-2A_400_*1_CKT
Line,462,4702_TANE_400_94701_TWPS-2A_400_1_CKT
Line,463,4705_TWPS-1B_400_4706_TWPS-1C_400_*1_CKT
Line,464,4706_TWPS-1C_400_94706_TWPS-2C_400_*1_CKT
Line,465,62006_WATH-J_220_2006_WATH_220_1_CKT
Line,466,62526_HMMO-J2_220_2526_HMMO-2_220_1_CKT
Line,467,64012_SMKH-J1_400_94016_FAYA-J4_400_1_CKT
Line,468,94701_TWPS-2A_400_94705_TWPS-2B_400_*1_CKT
Line,469,94705_TWPS-2B_400_94706_TWPS-2C_400_*1_CKT
Line,471,1483_QDFA_132_1801_F1PS_132_1_CKT
Line,472,1483_QDFA_132_1801_F1PS_132_2_CKT
Line,476,4802_DHID_400_4803_QDFA_400_1_CKT
Line,477,4802_DHID_400_4803_QDFA_400_2_CKT
Line,478,4802_DHID_400_4805_WSTG_400_1_CKT
Line,479,4802_DHID_400_4805_WSTG_400_2_CKT
Line,480,4803_QDFA_400_4804_FILA-400_400_1_CKT
Line,481,4803_QDFA_400_4804_FILA-400_400_2_CKT
Line,482,4803_QDFA_400_4806_FJCT_400_1_CKT
Line,483,4803_QDFA_400_4806_FJCT_400_2_CKT
Line,484,4804_FILA-400_400_4805_WSTG_400_1_CKT
Line,485,4804_FILA-400_400_4805_WSTG_400_2_CKT
Line,486,4804_FILA-400_400_4807_QDF3_400_3_CKT
Line,487,4805_WSTG_400_4803_QDFA_400_1_CKT
Line,488,4805_WSTG_400_4807_QDF3_400_1_CKT
Line,489,4807_QDF3_400_4804_FILA-400_400_1_CKT
Line,490,4807_QDF3_400_4804_FILA-400_400_2_CKT
Line,491,2491_OMAN_220_2607_AOHG_220_1_CKT
Line,492,2491_OMAN_220_2607_AOHG_220_2_CKT
Line,493,4801_WRSN_400_4802_DHID_400_1_CKT
Line,494,4801_WRSN_400_4802_DHID_400_2_CKT
Line,495,4706_TWPS-1C_400_4801_WRSN_400_1_CKT
Line,496,4801_WRSN_400_94706_TWPS-2C_400_1_CKT
Line,497,4702_TANE_400_4703_EMAL_1_400_1_CKT
Line,498,4702_TANE_400_4707_EMAL-2_400_1_CKT
Line,499,4602_SWHN_400_4803_QDFA_400_1_CKT
Line,500,4602_SWHN_400_4803_QDFA_400_2_CKT
Line,501,4602_SWHN_400_4804_FILA_400_1_CKT
Transformer,1,1026_UNPS_132_110_UMN-ST03_11_03
Transformer,2,1026_UNPS_132_111_UMN-ST04_11_04
Transformer,3,1026_UNPS_132_112_UMN-ST05_11_05
Transformer,4,1026_UNPS_132_116_UMN-GT01_10.5_01
Transformer,5,1701_TAWB_132_331_TAW-B1-ST11_15_11
Transformer,6,1701_TAWB_132_341_TAW-B2-GT81_15.75_81
Transformer,7,1701_TAWB_132_343_TAW-B2-ST71_15.75_71
Transformer,8,1702_TWPS-A_132_301_TAW-A1-GT01_11_01
Transformer,9,1702_TWPS-A_132_302_TAW-A1-GT02_11_02
Transformer,10,1702_TWPS-A_132_303_TAW-A1-GT03_11_03
Transformer,11,1702_TWPS-A_132_308_TAW-A1-GT18_15_18
Transformer,12,2001_UNPS_220_114_UMN-ST07_15_07
Transformer,13,2001_UNPS_220_115_UMN-ST08_15_08
Transformer,14,2001_UNPS_220_61026_UNPS-B-132_132_1
Transformer,15,2001_UNPS_220_61026_UNPS-B-132_132_2
Transformer,16,2451_SHPS_220_1502_SHPS_132_1
Transformer,17,2451_SHPS_220_1502_SHPS_132_2
Transformer,18,2451_SHPS_220_201_SHPT-GT11_16.5_11
Transformer,19,2451_SHPS_220_202_SHPT-GT12_16.5_12
Transformer,20,2452_WMZD_220_24525_WMDZ-LA_33_1
Transformer,21,2452_WMZD_220_24525_WMDZ-LA_33_2
Transformer,22,24525_WMDZ-LA_33_405_MZPS-GT01_11_01
Transformer,23,24525_WMDZ-LA_33_406_MZPS-GT02_11_02
Transformer,24,24525_WMDZ-LA_33_407_MZPS-GT03_10.5_03
Transformer,25,24525_WMDZ-LA_33_408_MZPS-GT04_11_04
Transformer,26,24525_WMDZ-LA_33_409_MZPS-GT05_11_05
Transformer,27,2458_NEW MRFA_220_25025_MRFA-LA_33_1
Transformer,28,2458_NEW MRFA_220_25025_MRFA-LA_33_2
Transformer,29,2458_NEW MRFA_220_25025_MRFA-LA_33_3
Transformer,30,25025_MRFA-LA_33_402_MIRF-GT02_11.5_02
Transformer,31,25025_MRFA-LA_33_403_MIRF-GT03_11.5_03
Transformer,32,2508_BAAB_220_1503_DMBAB3_132_2
Transformer,33,2508_BAAB_220_1504_DMBAB2_132_1
Transformer,34,2605_AAPS_220_26057_AAPS-CA_33_1
Transformer,35,2605_AAPS_220_26057_AAPS-CA_33_2
Transformer,36,2605_AAPS_220_26058_AAPS-TH_33_1
Transformer,37,2605_AAPS_220_26058_AAPS-TH_33_2
Transformer,38,2605_AAPS_220_26059_AAPS-SE_33_1
Transformer,39,2605_AAPS_220_26059_AAPS-SE_33_2
Transformer,40,26057_AAPS-CA_33_417_AAPS-GT14_11_14
Transformer,41,26057_AAPS-CA_33_418_AAPS-GT15_11_15
Transformer,42,26058_AAPS-TH_33_412_AAPS-GT09_11.5_09
Transformer,43,26058_AAPS-TH_33_413_AAPS-GT10_11.5_10
Transformer,44,26058_AAPS-TH_33_414_AAPS-GT11_11_11
Transformer,45,26058_AAPS-TH_33_415_AAPS-GT12_11_12
Transformer,46,26058_AAPS-TH_33_419_AAPS-GT16_11_16
Transformer,47,26059_AAPS-SE_33_410_AAPS-GT07_11.5_07
Transformer,48,26059_AAPS-SE_33_411_AAPS-GT08_11.5_08
Transformer,49,26059_AAPS-SE_33_416_AAPS-GT13_11.5_13
Transformer,50,4001_ADST_400_1401_ADST-132_132_1
Transformer,51,4001_ADST_400_1401_ADST-132_132_2
Transformer,52,4001_ADST_400_1401_ADST-132_132_3
Transformer,53,4002_BECH_400_1402_BECH-132_132_1
Transformer,54,4002_BECH_400_1402_BECH-132_132_2
Transformer,55,4002_BECH_400_1402_BECH-132_132_3
Transformer,56,4003_QURM_400_1403_QURM_132_1
Transformer,57,4003_QURM_400_1403_QURM_132_2
Transformer,58,4003_QURM_400_1403_QURM_132_3
Transformer,59,4004_SASN_400_101_SASNK-GT21_15.75_21
Transformer,60,4004_SASN_400_102_SASNK-GT22_15.75_22
Transformer,61,4004_SASN_400_103_SASNK-GT23_15.75_23
Transformer,62,4004_SASN_400_104_SASNK-GT24_15.75_24
Transformer,63,4004_SASN_400_105_SASNK-GT25_15.8_25
Transformer,64,4004_SASN_400_106_SASNK-ST11_15.8_11
Transformer,65,4004_SASN_400_107_SASNK-ST12_15.8_12
Transformer,66,4004_SASN_400_1404_SASN_132_1
Transformer,67,4004_SASN_400_1404_SASN_132_2
Transformer,68,4004_SASN_400_1404_SASN_132_3
Transformer,69,4005_BHYG_400_1405_BHYG_132_1
Transformer,70,4005_BHYG_400_1405_BHYG_132_2
Transformer,71,4005_BHYG_400_1405_BHYG_132_3
Transformer,72,4005_BHYG_400_1405_BHYG_132_4
Transformer,73,4006_REEM_400_1406_REEM_132_1
Transformer,74,4006_REEM_400_1406_REEM_132_2
Transformer,75,4006_REEM_400_1406_REEM_132_3
Transformer,76,4006_REEM_400_1406_REEM_132_4
Transformer,77,4007_SDYT_400_1407_SDYT_132_1
Transformer,78,4007_SDYT_400_1407_SDYT_132_2
Transformer,79,4007_SDYT_400_1407_SDYT_132_3
Transformer,80,4007_SDYT_400_1407_SDYT_132_4
Transformer,81,4011_MOSG_400_2411_MOSG_220_1
Transformer,82,4011_MOSG_400_2411_MOSG_220_2
Transformer,83,4011_MOSG_400_2411_MOSG_220_3
Transformer,84,4012_SHME_400_2412_SHME_220_1
Transformer,85,4012_SHME_400_2412_SHME_220_2
Transformer,86,4014_CPTL_400_1414_CPTL_132_2
Transformer,87,4014_CPTL_400_1414_CPTL_132_3
Transformer,88,4014_CPTL_400_1414_CPTL_132_4
Transformer,89,4014_CPTL_400_1414_CPTL_132_5
Transformer,90,4015_ICAD_400_2415_ICAD_220_1
Transformer,91,4015_ICAD_400_2415_ICAD_220_2
Transformer,92,4015_ICAD_400_2415_ICAD_220_3
Transformer,93,4016_SMKH_400_1416_SMKH_132_1
Transformer,94,4016_SMKH_400_1416_SMKH_132_2
Transformer,95,4016_SMKH_400_1416_SMKH_132_3
Transformer,96,4017_DHFR_400_14017_DHFRSOL_A1_1_CKT
Transformer,97,4017_DHFR_400_14017_DHFRSOL_A1_2_CKT
Transformer,98,4017_DHFR_400_14017_DHFRSOL_A1_3_CKT
Transformer,99,4017_DHFR_400_24017_DHFRSOL_A2_1_CKT
Transformer,100,4017_DHFR_400_24017_DHFRSOL_A2_2_CKT
Transformer,101,4017_DHFR_400_24017_DHFRSOL_A2_3_CKT
Transformer,102,4017_DHFR_400_34017_DHFRSOL_B1_1_CKT
Transformer,103,4017_DHFR_400_34017_DHFRSOL_B1_2_CKT
Transformer,104,4017_DHFR_400_34017_DHFRSOL_B1_3_CKT
Transformer,105,4017_DHFR_400_44017_DHFRSOL_B2_1_CKT
Transformer,106,4017_DHFR_400_44017_DHFRSOL_B2_2_CKT
Transformer,107,4017_DHFR_400_44017_DHFRSOL_B2_3_CKT
Transformer,108,4501_SHPS & S2PS_400_203_SHPT-GT21_16.5_21
Transformer,109,4501_SHPS & S2PS_400_204_SHPT-GT22_16.5_22
Transformer,110,4501_SHPS & S2PS_400_205_SHPT-GT23_16.5_23
Transformer,111,4501_SHPS & S2PS_400_206_SHPT-ST10_16.5_10
Transformer,112,4501_SHPS & S2PS_400_207_SHPT-ST20_16.5_20
Transformer,113,4501_SHPS & S2PS_400_208_SHPT-GT52_20_1
Transformer,114,4501_SHPS & S2PS_400_209_SHPT-ST50_16.5_1
Transformer,115,4501_SHPS & S2PS_400_210_SHPT-GT51_20_1
Transformer,116,4501_SHPS & S2PS_400_211_SHPT-ST40_16.5_1
Transformer,117,4501_SHPS & S2PS_400_212_SHPT-GT41_20_1
Transformer,118,4501_SHPS & S2PS_400_213_SHPT-GT42_20_1
Transformer,119,4501_SHPS & S2PS_400_2451_SHPS_220_1
Transformer,120,4501_SHPS & S2PS_400_2451_SHPS_220_2
Transformer,121,4502_WMZD_400_14502_RUMSOL1_132_1_CKT
Transformer,122,4502_WMZD_400_14502_RUMSOL1_132_2_CKT
Transformer,123,4502_WMZD_400_14502_RUMSOL1_132_3_CKT
Transformer,124,4502_WMZD_400_24502_RUMSOL2_132_1_CKT
Transformer,125,4502_WMZD_400_24502_RUMSOL2_132_2_CKT
Transformer,126,4502_WMZD_400_24502_RUMSOL2_132_3_CKT
Transformer,127,4502_WMZD_400_2452_WMZD_220_1
Transformer,128,4502_WMZD_400_2452_WMZD_220_2
Transformer,129,4502_WMZD_400_2452_WMZD_220_3
Transformer,130,4504_BABG_400_2454_BABG_220_1
Transformer,131,4504_BABG_400_2454_BABG_220_2
Transformer,132,4504_BABG_400_2454_BABG_220_3
Transformer,133,4505_S3PS_400_214_S3M1ST1_20_1
Transformer,134,4505_S3PS_400_215_S3M1GT1_20_1
Transformer,135,4505_S3PS_400_216_S3M1GT2_20_1
Transformer,136,4505_S3PS_400_217_S3M2ST1_20_1
Transformer,137,4505_S3PS_400_218_S3M2GT1_20_1
Transformer,138,4505_S3PS_400_219_S3M2GT2_20_1
Transformer,139,4507_RWSG_400_2457_RWS-220_220_1
Transformer,140,4507_RWSG_400_2457_RWS-220_220_2
Transformer,141,4507_RWSG_400_2457_RWS-220_220_3
Transformer,142,4508_MRPS_400_2458_NEW MRFA_220_1
Transformer,143,4508_MRPS_400_2458_NEW MRFA_220_2
Transformer,144,4509_BNPB-1_400_903_ENEC-NUC3_27_1
Transformer,145,4510_BNPB-2_400_904_ENEC-NUC4_27_1
Transformer,146,4511_BNPA-1_400_901_ENEC-NUC1_27_1
Transformer,147,4512_BNPA-2_400_902_ENEC-NUC2_27_1
Transformer,148,4601_ASWG_400_2461_ASWG_220_1
Transformer,149,4601_ASWG_400_2461_ASWG_220_2
Transformer,150,4601_ASWG_400_2461_ASWG_220_3
Transformer,151,4602_SWHN_400_14602_SWSOLB1_132_1_CKT
Transformer,152,4602_SWHN_400_14602_SWSOLB1_132_2_CKT
Transformer,153,4602_SWHN_400_14602_SWSOLB1_132_3_CKT
Transformer,154,4602_SWHN_400_24602_SWSOLB2_132_1_CKT
Transformer,155,4602_SWHN_400_24602_SWSOLB2_132_2_CKT
Transformer,156,4602_SWHN_400_24602_SWSOLB2_132_3_CKT
Transformer,157,4602_SWHN_400_2462_SWHG_220_1
Transformer,158,4602_SWHN_400_2462_SWHG_220_2
Transformer,159,4602_SWHN_400_2462_SWHG_220_3
Transformer,160,4603_DHMG_400_2463_DHMG_220_1
Transformer,161,4603_DHMG_400_2463_DHMG_220_2
Transformer,162,4603_DHMG_400_2463_DHMG_220_3
Transformer,163,4701_TWPS-1A_400_1702_TWPS-A_132_2
Transformer,164,4701_TWPS-1A_400_322_TAW-A2-GT12_15.75_12
Transformer,165,4701_TWPS-1A_400_323_TAW-A2-GT13_15.75_13
Transformer,166,4701_TWPS-1A_400_333_TAW-B1-ST31_15_31
Transformer,167,4701_TWPS-1A_400_334_TAW-B1-ST41_15_41
Transformer,168,4701_TWPS-1A_400_61701_TAWB_132_1
Transformer,169,4702_TANE_400_309_TAW-A1-GT19_15_1
Transformer,170,4702_TANE_400_310_TAW-A1-GT20_15_1
Transformer,171,4702_TANE_400_351_TAW-B3-GT95_20_95
Transformer,172,4702_TANE_400_352_TAW-B3-GT96_20_96
Transformer,173,4702_TANE_400_353_TAW-B3-GT97_20_97
Transformer,174,4702_TANE_400_354_TAW-B3-ST98_16.5_98
Transformer,175,4705_TWPS-1B_400_1701_TAWB_132_2
Transformer,176,4705_TWPS-1B_400_1701_TAWB_132_3
Transformer,177,4705_TWPS-1B_400_1702_TWPS-A_132_1
Transformer,178,4705_TWPS-1B_400_304_TAW-A1-GT14_15_1
Transformer,179,4705_TWPS-1B_400_305_TAW-A1-GT15_15_1
Transformer,180,4705_TWPS-1B_400_335_TAW-B1-ST51_15_51
Transformer,181,4705_TWPS-1B_400_336_TAW-B1-ST61_15_61
Transformer,182,4706_TWPS-1C_400_306_TAW-A1-GT16_15_1
Transformer,183,4706_TWPS-1C_400_307_TAW-A1-GT17_15_1
Transformer,184,4706_TWPS-1C_400_312_TAW-A1-ST22_19_22
Transformer,185,4706_TWPS-1C_400_313_TAW-A1-ST23_19_23
Transformer,186,61026_UNPS-B-132_132_108_UMN-ST01_11_01
Transformer,187,61026_UNPS-B-132_132_109_UMN-ST02_11_02
Transformer,188,61026_UNPS-B-132_132_113_UMN-ST06_11_06
Transformer,189,61026_UNPS-B-132_132_117_UMN-GT02_10.5_02
Transformer,190,61701_TAWB_132_332_TAW-B1-ST21_15_21
Transformer,191,61701_TAWB_132_342_TAW-B2-GT91_15.75_91
Transformer,192,62458_NEWMRFA_220_401_MIRF-GT81_18_1
Transformer,193,62525_MIRF-200B_220_404_MIRF-GT82_18_1
Transformer,194,64508_MIRF-400A_400_420_ZAWRA-GT5_15_1
Transformer,195,64508_MIRF-400A_400_421_ZAWRA-GT6_15_1
Transformer,196,64509_MIRF-400B_400_503_MIRF-ST62_18_1
Transformer,197,64510_MIRF-400C_400_504_MIRF-GT44_18_1
Transformer,198,64511_MIRF-400D_400_505_MIRF-ST63_18_1
Transformer,199,64512_MIRF-400E_400_422_ZAWRA-GT7_15_1
Transformer,200,64512_MIRF-400E_400_423_ZAWRA-GT8_15_1
Transformer,201,701_SHAMS1_15_2507_SHAMS1_220_1
Transformer,202,94701_TWPS-2A_400_321_TAW-A2-GT11_15.75_11
Transformer,203,94705_TWPS-2B_400_324_TAW-A2-ST14_10.5_1
Transformer,204,94705_TWPS-2B_400_325_TAW-A2-ST15_10.5_1
Transformer,205,94706_TWPS-2C_400_311_TAW-A1-ST21_19_21
Transformer,206,1483_QDFA_132_813_FUJF1-GT03_15_G3
Transformer,207,1483_QDFA_132_814_FUJF1-GT04_15_G4
Transformer,208,1483_QDFA_132_815_FUJF1-ST2_15_S2
Transformer,209,1801_F1PS_132_810_FUJF1-GT01_15_G1
Transformer,210,1801_F1PS_132_811_FUJF1-GT02_15_G2
Transformer,211,1801_F1PS_132_812_FUJF1-ST1_15_S1
Transformer,212,2482_DHID-220_220_1821_DHMN-132_132_1
Transformer,213,2482_DHID-220_220_1821_DHMN-132_132_2
Transformer,214,2482_DHID-220_220_1821_DHMN-132_132_3
Transformer,215,4802_DHID_400_14802_RAKSOL1_132_1_CKT
Transformer,216,4802_DHID_400_14802_RAKSOL1_132_2_CKT
Transformer,217,4802_DHID_400_14802_RAKSOL1_132_3_CKT
Transformer,218,4802_DHID_400_24802_RAKSOL2_132_1_CKT
Transformer,219,4802_DHID_400_24802_RAKSOL2_132_2_CKT
Transformer,220,4802_DHID_400_24802_RAKSOL2_132_3_CKT
Transformer,221,4802_DHID_400_2482_DHID-220_220_1
Transformer,222,4802_DHID_400_2482_DHID-220_220_2
Transformer,223,4802_DHID_400_2482_DHID-220_220_3
Transformer,224,4803_QDFA_400_1483_QDFA_132_1
Transformer,225,4803_QDFA_400_1483_QDFA_132_2
Transformer,226,4803_QDFA_400_816_F1EXT-GT44_15_44
Transformer,227,4803_QDFA_400_818_FUJF2-GT11_21_11
Transformer,228,4803_QDFA_400_819_FUJF2-GT12_21_12
Transformer,229,4803_QDFA_400_820_FUJF2-ST18_21_18
Transformer,230,4803_QDFA_400_821_FUJF2-GT21_21_21
Transformer,231,4803_QDFA_400_822_FUJF2-ST28_15_28
Transformer,232,4803_QDFA_400_823_FUJF2-GT31_21_31
Transformer,233,4803_QDFA_400_824_FUJF2-GT32_21_32
Transformer,234,4803_QDFA_400_825_FUJF2-ST38_21_38
Transformer,235,4804_FILA-400_400_1484_FILA_132_1
Transformer,236,4804_FILA-400_400_1484_FILA_132_2
Transformer,237,4804_FILA-400_400_1484_FILA_132_3
Transformer,238,4804_FILA-400_400_1484_FILA_132_4
Transformer,239,4805_WSTG_400_1485_WSTG_132_1
Transformer,240,4805_WSTG_400_1485_WSTG_132_2
Transformer,241,4805_WSTG_400_1485_WSTG_132_3
Transformer,242,4805_WSTG_400_1485_WSTG_132_4
Transformer,243,4805_WSTG_400_1485_WSTG_132_5
Transformer,244,4806_FJCT_400_1486_FJCT_132_1
Transformer,245,4806_FJCT_400_1486_FJCT_132_2
Transformer,246,4806_FJCT_400_1486_FJCT_132_3
Transformer,247,4807_QDF3_400_830_F3M1ST1_20
Transformer,248,4807_QDF3_400_831_F3M1GT1_20
Transformer,249,4807_QDF3_400_832_F3M1GT2_20
Transformer,250,4807_QDF3_400_833_F3M2ST1_20
Transformer,251,4807_QDF3_400_834_F3M2GT1_20
Transformer,252,4807_QDF3_400_835_F3M2GT2_20
Transformer,253,4807_QDF3_400_836_F3M3ST1_20
Transformer,254,4807_QDF3_400_837_F3M3GT1_20
Transformer,255,4807_QDF3_400_838_F3M4ST1_20
Transformer,256,4807_QDF3_400_839_F3M4GT1_20
Transformer,257,4807_QDF3_400_840_F3M4GT2_20
Interface,1,TRANSCO-EGA-AT
Interface,2,TRANSCO-GCCIA
Interface,3,TRANSCO-OMAN
Constraint,1,Dolphin_DailyLimit
Constraint,3,Min SASN Generation
Constraint,5,F1 Dummy Boiler1 - ST1
Constraint,6,F1 Dummy Boiler2 - ST2
Constraint,7,F2 Dummy Boiler1 - ST18
Constraint,8,F2 Dummy Boiler2 - ST28
Constraint,9,F2 Dummy Boiler3 - ST38
Constraint,10,MRF Dummy Boiler62 - ST62
Constraint,11,MRF Dummy Boiler63 - ST63
Constraint,12,S1 Dummy Boiler10 - ST10
Constraint,13,S1 Dummy Boiler20 - ST20
Constraint,14,S2 DummyBoiler40 - ST40
Constraint,15,S2 DummyBoiler50 - ST50
Constraint,16,SASN Dummy Boiler11 - ST11
Constraint,17,SASN Dummy Boiler12 - ST12
Constraint,18,TA1 Dummy Boiler21 - ST21
Constraint,19,TA1 Dummy Boiler22 - ST22
Constraint,20,TA1 Dummy Boiler23 - ST23
Constraint,21,TA2 Dummy Boiler14 - ST14
Constraint,22,TA2 Dummy Boiler15 - ST15
Constraint,23,TB1 Dummy Boiler11 - ST11
Constraint,24,TB1 Dummy Boiler21 - ST21
Constraint,25,TB1 Dummy Boiler31 - ST31
Constraint,26,TB1 Dummy Boiler41 - ST41
Constraint,27,TB1 Dummy Boiler51 - ST51
Constraint,28,TB1 Dummy Boiler61 - ST61
Constraint,29,TB2 Dummy Boiler71 - ST71
Constraint,30,TB3 Dummy boiler98 - ST98
Constraint,32,UANW Dummy Boiler12 - ST12
Constraint,33,UANW Dummy Boiler34 - ST34
Constraint,34,UANW Dummy Boiler56 - ST56
Constraint,35,UANW Dummy Boiler78 - ST78
Constraint,36,F1_GT01-WHRB_MustRun
Constraint,37,F1_GT02-WHRB_MustRun
Constraint,38,F1_GT03-WHRB_MustRun
Constraint,39,F1_GT04-WHRB_MustRun
Constraint,40,F1_GT44-WHRB_MustRun
Constraint,41,F2_GT11-WHRB_MustRun
Constraint,42,F2_GT12-WHRB_MustRun
Constraint,43,F2_GT21-WHRB_MustRun
Constraint,44,F2_GT31-WHRB_MustRun
Constraint,45,F2_GT32-WHRB_MustRun
Constraint,46,MRF GT44-WHRB MustRun
Constraint,47,MRF GT81-WHRB MustRun
Constraint,48,MRF GT82-WHRB MustRun
Constraint,49,S1_GT11-WHRB_MustRun
Constraint,50,S1_GT12-WHRB_MustRun
Constraint,51,S1_GT21-WHRB_MustRun
Constraint,52,S1_GT22-WHRB_MustRun
Constraint,53,S1_GT23-WHRB_MustRun
Constraint,54,S2_GT41-WHRB_MustRun
Constraint,55,S2_GT42-WHRB_MustRun
Constraint,56,S2_GT51-WHRB_MustRun
Constraint,57,S2_GT52-WHRB_MustRun
Constraint,58,SASN GT21 - WHRB Must Run
Constraint,59,SASN GT22 - WHRB Must Run
Constraint,60,SASN GT23 - WHRB Must Run
Constraint,61,SASN GT24 - WHRB Must Run
Constraint,62,SASN GT25 - WHRB Must Run
Constraint,63,TA1_GT01-WHRB_MustRun
Constraint,64,TA1_GT02-WHRB_MustRun
Constraint,65,TA1_GT03-WHRB_MustRun
Constraint,66,TA1_GT14-WHRB_MustRun
Constraint,67,TA1_GT15-WHRB_MustRun
Constraint,68,TA1_GT16-WHRB_MustRun
Constraint,69,TA1_GT17-WHRB_MustRun
Constraint,70,TA1_GT18-WHRB_MustRun
Constraint,71,TA1_GT19-WHRB_MustRun
Constraint,72,TA1_GT20-WHRB_MustRun
Constraint,73,TA2_GT11-WHRB_MustRun
Constraint,74,TA2_GT12-WHRB_MustRun
Constraint,75,TA2_GT13-WHRB_MustRun
Constraint,76,TB2_GT81_WHRB_MustRun
Constraint,77,TB2_GT91_WHRB_MustRun
Constraint,78,TB3_GT95-WHRB_MustRun
Constraint,79,TB3_GT96-WHRB_MustRun
Constraint,80,TB3_GT97-WHRB_MustRun
Constraint,81,F1_MinWater
Constraint,82,F2_MinWater
Constraint,83,MRF_MinWater
Constraint,84,S1_MinWater
Constraint,85,S2_MinWater
Constraint,86,SASN_MinWater_MED
Constraint,87,SASN_MinWater_MSF
Constraint,88,TA1_MinWater_MED
Constraint,89,TA1_MinWater_MSF
Constraint,90,TA2_MinWater
Constraint,91,TB1_MinWater
Constraint,92,TB2_MinWater
Constraint,93,TB3_MinWater
Constraint,94,UANE_MinWater
Constraint,95,UANW_MinWater
Constraint,97,F3 2ST Con
Constraint,98,F3 3ST Con
Constraint,99,F3 4ST Con
Constraint,101,S3 ST80 Con
Constraint,102,SASN ST Con
Constraint,103,SH1 ST Con
Constraint,104,SH2 ST Con
Constraint,105,TA1 ST Con
Constraint,106,TA2 ST Con
Constraint,107,TB2 ST Con
Constraint,108,TB3 ST Con
Constraint,109,Fujairah Offtake
Constraint,110,Mirfa Offtake
Constraint,111,Shuweihat Offtake
Constraint,112,Taweelah Offtake
Constraint,113,UAN Offtake
Constraint,114,F1_GT01_WHRB Max Fuel Input
Constraint,115,F1_GT02_WHRB Max Fuel Input
Constraint,116,F1_GT03_WHRB Max Fuel Input
Constraint,117,F1_GT04_WHRB Max Fuel Input
Constraint,118,F1_GT44_WHRB Max Fuel Input
Constraint,119,F2_GT11_WHRB Max Fuel Input
Constraint,120,F2_GT12_WHRB Max Fuel Input
Constraint,121,F2_GT21_WHRB Max Fuel Input
Constraint,122,F2_GT31_WHRB Max Fuel Input
Constraint,123,F2_GT32_WHRB Max Fuel Input
Constraint,124,F3M1ST1 Max Fuel Input
Constraint,125,F3M2ST1 Max Fuel Input
Constraint,126,F3M4ST1 Max Fuel Input
Constraint,127,SASN GT21 WHRB Max Fuel Input
Constraint,128,SASN GT22 WHRB Max Fuel Input
Constraint,129,SASN GT23 WHRB Max Fuel Input
Constraint,130,SASN GT24 WHRB Max Fuel Input
Constraint,131,SASN GT25 WHRB Max Fuel Input
Constraint,132,TA1_GT01_WHRB Max Fuel Input
Constraint,133,TA1_GT02_WHRB Max Fuel Input
Constraint,134,TA1_GT03_WHRB Max Fuel Input
Constraint,135,TA1_GT14_WHRB Max Fuel Input
Constraint,136,TA1_GT15_WHRB Max Fuel Input
Constraint,137,TA1_GT16_WHRB Max Fuel Input
Constraint,138,TA1_GT17_WHRB Max Fuel Input
Constraint,139,TA1_GT18_WHRB Max Fuel Input
Constraint,140,TA1_GT19_WHRB Max Fuel Input
Constraint,141,TA1_GT20_WHRB Max Fuel Input
Constraint,142,TA2_GT11_WHRB Max Fuel Input
Constraint,143,TA2_GT12_WHRB Max Fuel Input
Constraint,144,TA2_GT13_WHRB Max Fuel Input
Constraint,145,TB2_GT81_WHRB Max Fuel Input
Constraint,146,TB2_GT91_WHRB Max Fuel Input
Constraint,147,TB3_GT95_WHRB Max Fuel Input
Constraint,148,TB3_GT96_WHRB Max Fuel Input
Constraint,149,TB3_GT97_WHRB Max Fuel Input
Constraint,198,FueMaxOffDay_Dolphin Gas - Additional
Constraint,199,FueMaxOffDay_Dolphin Gas - Excess
Constraint,200,FueMaxOffDay_EMAL Gas
Constraint,201,FueMinOffDay_Dolphin Gas - Swap
Constraint,202,FueConMaxDay_ADNOC Tier 1
Constraint,203,FueConMaxDay_ADNOC Tier 2
Constraint,204,FueConMaxDay_ADNOC Tier 2 Plus
Constraint,205,FueConMaxDay_ADNOC Tier 3
Constraint,221,GenMaxStartsDay_101_SASNK-GT21_15.75
Constraint,222,GenMaxStartsDay_102_SASNK-GT22_15.75
Constraint,223,GenMaxStartsDay_103_SASNK-GT23_15.75
Constraint,224,GenMaxStartsDay_104_SASNK-GT24_15.75
Constraint,225,GenMaxStartsDay_105_SASNK-GT25_15.8
Constraint,226,GenMaxStartsDay_106_SASNK-ST11_15.8
Constraint,227,GenMaxStartsDay_107_SASNK-ST12_15.8
Constraint,228,GenMaxStartsDay_108_UMN-ST01_11
Constraint,229,GenMaxStartsDay_109_UMN-ST02_11
Constraint,230,GenMaxStartsDay_110_UMN-ST03_11
Constraint,231,GenMaxStartsDay_111_UMN-ST04_11
Constraint,232,GenMaxStartsDay_112_UMN-ST05_11
Constraint,233,GenMaxStartsDay_113_UMN-ST06_11
Constraint,234,GenMaxStartsDay_114_UMN-ST07_15
Constraint,235,GenMaxStartsDay_115_UMN-ST08_15
Constraint,236,GenMaxStartsDay_116_UMN-GT01_10.5
Constraint,237,GenMaxStartsDay_117_UMN-GT02_10.5
Constraint,238,GenMaxStartsDay_201_SHPT-GT11_16.5
Constraint,239,GenMaxStartsDay_202_SHPT-GT12_16.5
Constraint,240,GenMaxStartsDay_203_SHPT-GT21_16.5
Constraint,241,GenMaxStartsDay_204_SHPT-GT22_16.5
Constraint,242,GenMaxStartsDay_205_SHPT-GT23_16.5
Constraint,243,GenMaxStartsDay_206_SHPT-ST10_16.5
Constraint,244,GenMaxStartsDay_207_SHPT-ST20_16.5
Constraint,245,GenMaxStartsDay_208_SHPT-GT52_20
Constraint,246,GenMaxStartsDay_209_SHPT-ST50_16.5
Constraint,247,GenMaxStartsDay_210_SHPT-GT51_20
Constraint,248,GenMaxStartsDay_211_SHPT-ST40_16.5
Constraint,249,GenMaxStartsDay_212_SHPT-GT41_20
Constraint,250,GenMaxStartsDay_213_SHPT-GT42_20
Constraint,251,GenMaxStartsDay_214_S3M1ST80_20
Constraint,252,GenMaxStartsDay_215_S3M1GT71_20
Constraint,253,GenMaxStartsDay_216_S3M1GT72_20
Constraint,254,GenMaxStartsDay_217_S3M2ST70_20
Constraint,255,GenMaxStartsDay_218_S3M2GT81_20
Constraint,256,GenMaxStartsDay_219_S3M2GT82_20
Constraint,257,GenMaxStartsDay_301_TAW-A1-GT01_11
Constraint,258,GenMaxStartsDay_302_TAW-A1-GT02_11
Constraint,259,GenMaxStartsDay_303_TAW-A1-GT03_11
Constraint,260,GenMaxStartsDay_304_TAW-A1-GT14_15
Constraint,261,GenMaxStartsDay_305_TAW-A1-GT15_15
Constraint,262,GenMaxStartsDay_306_TAW-A1-GT16_15
Constraint,263,GenMaxStartsDay_307_TAW-A1-GT17_15
Constraint,264,GenMaxStartsDay_308_TAW-A1-GT18_15
Constraint,265,GenMaxStartsDay_309_TAW-A1-GT19_15
Constraint,266,GenMaxStartsDay_310_TAW-A1-GT20_15
Constraint,267,GenMaxStartsDay_311_TAW-A1-ST21_19
Constraint,268,GenMaxStartsDay_312_TAW-A1-ST22_19
Constraint,269,GenMaxStartsDay_313_TAW-A1-ST23_19
Constraint,270,GenMaxStartsDay_321_TAW-A2-GT11_15.75
Constraint,271,GenMaxStartsDay_322_TAW-A2-GT12_15.75
Constraint,272,GenMaxStartsDay_323_TAW-A2-GT13_15.75
Constraint,273,GenMaxStartsDay_324_TAW-A2-ST14_10.5
Constraint,274,GenMaxStartsDay_325_TAW-A2-ST15_10.5
Constraint,275,GenMaxStartsDay_331_TAW-B1-ST11_15
Constraint,276,GenMaxStartsDay_332_TAW-B1-ST21_15
Constraint,277,GenMaxStartsDay_333_TAW-B1-ST31_15
Constraint,278,GenMaxStartsDay_334_TAW-B1-ST41_15
Constraint,279,GenMaxStartsDay_335_TAW-B1-ST51_15
Constraint,280,GenMaxStartsDay_336_TAW-B1-ST61_15
Constraint,281,GenMaxStartsDay_341_TAW-B2-GT81_15.75
Constraint,282,GenMaxStartsDay_342_TAW-B2-GT91_15.75
Constraint,283,GenMaxStartsDay_343_TAW-B2-ST71_15.75
Constraint,284,GenMaxStartsDay_351_TAW-B3-GT95_20
Constraint,285,GenMaxStartsDay_352_TAW-B3-GT96_20
Constraint,286,GenMaxStartsDay_353_TAW-B3-GT97_20
Constraint,287,GenMaxStartsDay_354_TAW-B3-ST98_16.5
Constraint,288,GenMaxStartsDay_401_MIRF-GT81_18
Constraint,289,GenMaxStartsDay_404_MIRF-GT82_18
Constraint,290,GenMaxStartsDay_405_MZPS-GT01_11
Constraint,291,GenMaxStartsDay_406_MZPS-GT02_11
Constraint,292,GenMaxStartsDay_407_MZPS-GT03_10.5
Constraint,293,GenMaxStartsDay_408_MZPS-GT04_11
Constraint,294,GenMaxStartsDay_409_MZPS-GT05_11
Constraint,295,GenMaxStartsDay_410_AAPS-GT07_11.5
Constraint,296,GenMaxStartsDay_411_AAPS-GT08_11.5
Constraint,297,GenMaxStartsDay_412_AAPS-GT09_11.5
Constraint,298,GenMaxStartsDay_413_AAPS-GT10_11.5
Constraint,299,GenMaxStartsDay_414_AAPS-GT11_11
Constraint,300,GenMaxStartsDay_415_AAPS-GT12_11
Constraint,301,GenMaxStartsDay_416_AAPS-GT13_11.5
Constraint,302,GenMaxStartsDay_417_AAPS-GT14_11
Constraint,303,GenMaxStartsDay_418_AAPS-GT15_11
Constraint,304,GenMaxStartsDay_419_AAPS-GT16_11
Constraint,305,GenMaxStartsDay_420_ZAWRA-GT5_15
Constraint,306,GenMaxStartsDay_421_ZAWRA-GT6_15
Constraint,307,GenMaxStartsDay_422_ZAWRA-GT7_15
Constraint,308,GenMaxStartsDay_423_ZAWRA-GT8_15
Constraint,309,GenMaxStartsDay_503_MIRF-ST62_18
Constraint,310,GenMaxStartsDay_504_MIRF-GT44_18
Constraint,311,GenMaxStartsDay_505_MIRF-ST63_18
Constraint,312,GenMaxStartsDay_810_FUJF1-GT01_15
Constraint,313,GenMaxStartsDay_811_FUJF1-GT02_15
Constraint,314,GenMaxStartsDay_812_FUJF1-ST1_15
Constraint,315,GenMaxStartsDay_813_FUJF1-GT03_15
Constraint,316,GenMaxStartsDay_814_FUJF1-GT04_15
Constraint,317,GenMaxStartsDay_815_FUJF1-ST2_15
Constraint,318,GenMaxStartsDay_816_F1EXT-GT44_15
Constraint,319,GenMaxStartsDay_818_FUJF2-GT11_21
Constraint,320,GenMaxStartsDay_819_FUJF2-GT12_21
Constraint,321,GenMaxStartsDay_820_FUJF2-ST18_21
Constraint,322,GenMaxStartsDay_821_FUJF2-GT21_21
Constraint,323,GenMaxStartsDay_822_FUJF2-ST28_15
Constraint,324,GenMaxStartsDay_823_FUJF2-GT31_21
Constraint,325,GenMaxStartsDay_824_FUJF2-GT32_21
Constraint,326,GenMaxStartsDay_825_FUJF2-ST38_21
Constraint,327,GenMaxStartsDay_830_F3M1ST1_20.0
Constraint,328,GenMaxStartsDay_831_F3M1GT1_20.0
Constraint,329,GenMaxStartsDay_832_F3M1GT2_20.0
Constraint,330,GenMaxStartsDay_833_F3M2ST1_20.0
Constraint,331,GenMaxStartsDay_834_F3M2GT1_20.0
Constraint,332,GenMaxStartsDay_835_F3M2GT2_20.0
Constraint,333,GenMaxStartsDay_836_F3M3ST1_20.0
Constraint,334,GenMaxStartsDay_837_F3M3GT1_20.0
Constraint,335,GenMaxStartsDay_838_F3M4ST1_20.0
Constraint,336,GenMaxStartsDay_839_F3M4GT1_20.0
Constraint,337,GenMaxStartsDay_840_F3M4GT2_20.0
Decision Variable,1,Transmission_Loss
Decision Variable,2,Fujairah (mmbtu LHV)
Decision Variable,3,Mirfa (mmbtu LHV)
Decision Variable,4,Shuweihat (mmbtu LHV)
Decision Variable,5,Taweelah (mmbtu LHV)
Decision Variable,6,UAN (mmbtu LHV)
Data File,1,Load incl Loss (2020)
Data File,2,Regional Normalized Load Profiles
Data File,3,Regional Peak Loads
Data File,4,CSP Chams - HGen
Data File,5,PV Profiles Candidates
Data File,6,PV Schedule
Data File,7,PV Sweihan - HGen
Data File,8,Water Profiles
Data File,9,Water_Peaks
Data File,10,WaterLoad (2020)
Data File,11,NPP Testing Profile
Data File,12,BC Initial Gen
Variable,1,$/mmbtu to $/GJ LHV
Variable,2,BBTU HHV to TJ LHV
Variable,3,mmbtu/d to TJ/day LHV
Variable,4,mmscfd to TJ/day LHV
Variable,5,Water - m3 to MIG
Variable,6,F1 ST1 Low
Variable,7,F1 ST2 Low
Variable,8,F2 ST18 Low
Variable,9,F2 ST28 Low
Variable,10,F2 ST38 Low
Variable,11,S1 ST10 Low
Variable,12,S1 ST20 Low
Variable,13,S2 ST40 Low
Variable,14,S2 ST50 Low
Variable,15,SASN ST11 Low
Variable,16,SASN ST12 Low
Variable,17,TA2 ST14 Low
Variable,18,TA2 ST15 Low
Variable,19,TB2 ST71 Low
Variable,20,TB3 ST98 Low
Variable,21,UANW ST01 Low
Variable,22,UANW ST02 Low
Variable,23,UANW ST03 Low
Variable,24,UANW ST04 Low
Variable,25,UANW ST05 Low
Variable,26,UANW ST06 Low
Variable,27,UANW ST07 Low
Variable,28,UANW ST08 Low
Variable,29,AD_WaterLoad
Variable,30,AD_WDemand_Profile
Variable,31,AD_WLoad
Variable,32,FEWA_WaterLoad
Variable,33,FEWA_WDemand_Profile
Variable,34,FEWA_WLoad
Variable,35,SEWA_WaterLoad
Variable,36,SEWA_WDemand_Profile
Variable,37,SEWA_WLoad
Variable,38,AA_Load
Variable,39,AA_LoadProfile
Variable,40,ADI_Load
Variable,41,ADI_LoadProfile
Variable,42,ADNOC Off-shore_Load
Variable,43,ADNOC Off-shore_LoadProfile
Variable,44,ADNOC On-shore_Load
Variable,45,ADNOC On-shore_LoadProfile
Variable,46,ER_Load
Variable,47,ER_LoadProfile
Variable,48,ExpLoss_Load
Variable,49,ExpLoss_LoadProfile
Variable,50,FEWA_Export
Variable,51,FEWA_ExportProfile
Variable,52,LoadInclLoss (2020)
Variable,53,Qidfa_Load
Variable,54,Qidfa_LoadProfile
Variable,55,SEWA_Export
Variable,56,SEWA_ExportProfile
Variable,57,WR_Load
Variable,58,WR_LoadProfile
Variable,59,BESS_for_R1
Variable,60,BESS_for_R2
Global,1,LDC Slice
Scenario,1,ADNOC Off-shore
Scenario,2,Load incl Loss (2020)_D95
Scenario,3,Nuclear BC
Scenario,4,ADNOC_DEL_Swap_DailyLimit
Scenario,5,ADNOC_Tier1_DailyLimit
Scenario,6,ADNOC_Tier2_DailyLimit
Scenario,7,ADNOC_Tier3_DailyLimit
Scenario,8,DolphinACQ_DailyLimit
Scenario,9,DolphinExcess_DailyLimit
Scenario,10,Dummy Boiler Exclusivity
Scenario,11,Dummy Boiler VOM
Scenario,12,Emission Min Dispatch
Scenario,13,Max Starts Day Summer
Scenario,14,Max Starts Day Winter
Scenario,15,Min SASN generation
Scenario,16,Min Up and Down Times
Scenario,17,Ramp Up/Down
Scenario,18,Start Costs
Scenario,19,Start Ramp Up/Down
Scenario,20,Reserve BC
Scenario,21,Reservoir Capacity @75%
Scenario,22,Reservoir Capacity @90%
Scenario,23,Water Plant Min Production
Scenario,24,WaterLoad (2020)
Scenario,25,EGA Swap
Scenario,26,F3 BC
Scenario,27,F3 Early power
Scenario,28,BC Initial Gen
Scenario,29,PTBL2024Jul_D95
Scenario,30,PTB_INC400
Model,1,PTBL2024Jul_D95_INC400
Horizon,1,2024 Jul
Report,1,Trading Toolkit - Interval and Day
PASA,1,Base
ST Schedule,1,Base
Transmission,1,VSF
Production,1,MIP
Stochastic,1,Conv
Performance,1,Base
Diagnostic,0,671b7bf2-b039-427d-abd1-372f1b4349d2
